Date,IDRA,GILD
2005-12-12,4.4,12.288613812151
2005-12-13,4.32,12.828380711408
2005-12-14,4.16,12.388482577652
2005-12-15,4.24,12.507373965154
2005-12-16,4.24,12.053208864898
2005-12-19,4.56,12.027052759648
2005-12-20,4.96,12.274346845651
2005-12-21,4.88,12.856914644408
2005-12-22,4.96,13.173165735162
2005-12-23,4.96,12.97342820416
2005-12-27,4.8,12.883070749658
2005-12-28,4.64,12.707111496156
2005-12-29,4.96,12.564441831155
2005-12-30,4.88,12.500240481904
2006-01-03,4.8,13.00671779266
2006-01-04,4.72,13.185054873912
2006-01-05,4.72,13.463260720666
2006-01-06,4.8,13.560751658417
2006-01-09,4.64,13.770000500419
2006-01-10,4.64,13.575018624917
2006-01-11,4.88,13.536973380916
2006-01-12,5.2,13.896025371171
2006-01-13,5.28,14.124296835174
2006-01-17,5.2,14.043450691673
2006-01-18,5.2,13.938826270671
2006-01-19,5.2,14.067228969173
2006-01-20,5.12,13.686063180843
2006-01-23,4.96,13.408570682415
2006-01-24,4.96,13.79377877792
2006-01-25,4.88,13.639219974168
2006-01-26,4.88,14.007783275422
2006-01-27,4.72,14.205142978675
2006-01-30,4.72,13.767622672669
2006-01-31,4.72,14.473837514428
2006-02-01,4.64,14.62601849043
2006-02-02,4.64,14.435792270428
2006-02-03,4.8,14.433414442677
2006-02-06,4.72,14.271722155676
2006-02-07,4.64,14.347812643676
2006-02-08,4.64,14.119541179674
2006-02-09,4.64,13.869869265921
2006-02-10,4.72,14.052962002673
2006-02-13,4.64,14.071984624673
2006-02-14,4.72,14.335923504926
2006-02-15,4.8,14.549928002429
2006-02-16,4.72,14.62364066268
2006-02-17,4.72,14.61412935168
2006-02-21,4.64,14.262210844675
2006-02-22,4.64,14.711620289431
2006-02-23,4.56,14.571328452179
2006-02-24,4.64,14.66168590668
2006-02-27,4.4,15.139629284436
2006-02-28,4.4,14.806733399432
2006-03-01,4.4,14.516638413929
2006-03-02,4.4,14.573706279929
2006-03-03,5.2,14.288366949926
2006-03-06,5.36,14.148075112674
2006-03-07,5.28,14.050584174923
2006-03-08,5.36,14.452437064678
2006-03-09,5.2,14.402502681927
2006-03-10,5.36,14.526149724929
2006-03-13,5.28,14.62126283493
2006-03-14,5.28,14.949403064434
2006-03-15,5.2,15.156274078686
2006-03-16,5.12,14.954158719934
2006-03-17,5.12,15.054027485435
2006-03-20,5.12,14.985070480684
2006-03-21,5.2,14.813866882682
2006-03-22,5.12,14.908979992683
2006-03-23,5.12,14.747287705681
2006-03-24,5.28,14.823378193682
2006-03-27,5.44,14.847156471183
2006-03-28,5.2,14.65693025118
2006-03-29,5.12,14.747287705681
2006-03-30,5.12,14.66406373443
2006-03-31,5.04,14.794844260682
2006-04-03,5.12,15.096828384936
2006-04-04,5.12,15.344122470939
2006-04-05,5.04,15.196697150437
2006-04-06,5.04,14.67357504543
2006-04-07,5.04,14.62364066268
2006-04-10,5.36,14.711620289431
2006-04-11,5.2,14.364457437927
2006-04-12,5.28,14.526149724929
2006-04-13,5.28,14.60699586843
2006-04-17,5.12,14.549928002429
2006-04-18,5.28,14.704486806181
2006-04-19,5.28,15.48679213594
2006-04-20,5.2,15.493925619191
2006-04-21,5.28,15.341744643189
2006-04-24,5.2,15.108717523686
2006-04-25,5.04,14.60461804068
2006-04-26,5.12,13.627330835418
2006-04-27,5.04,13.501305964666
2006-04-28,4.96,13.672509562668
2006-05-01,4.8,13.765244844919
2006-05-02,4.8,13.03049607016
2006-05-03,4.8,13.341991505414
2006-05-04,4.72,13.125609180161
2006-05-05,4.72,13.375281093914
2006-05-08,4.8,13.439482443165
2006-05-09,4.08,13.636842146418
2006-05-10,3.92,13.503683792416
2006-05-11,4.0,13.458505065166
2006-05-12,3.92,13.206455323662
2006-05-15,3.84,13.572640797167
2006-05-16,3.92,13.491794653666
2006-05-17,3.76,13.268278845163
2006-05-18,3.68,12.780824156407
2006-05-19,3.68,13.063785658661
2006-05-22,3.68,13.00196213716
2006-05-23,3.68,12.785579811907
2006-05-24,3.6,13.196944012662
2006-05-25,3.2,13.268278845163
2006-05-26,3.28,13.591663419167
2006-05-30,3.12,13.261145361913
2006-05-31,2.88,13.632086490918
2006-06-01,2.88,13.948337581672
2006-06-02,2.88,13.886514060171
2006-06-05,3.12,13.432348959915
2006-06-06,3.6,13.456127237415
2006-06-07,3.76,13.508439447916
2006-06-08,4.08,13.451371581915
2006-06-09,4.16,13.662998251668
2006-06-12,3.84,13.353880644164
2006-06-13,3.68,13.558373830667
2006-06-14,3.68,13.539351208666
2006-06-15,3.92,13.931692787421
2006-06-16,3.84,13.758111361669
2006-06-19,4.16,13.341991505414
2006-06-20,4.4,13.135120491162
2006-06-21,4.32,13.318213227914
2006-06-22,3.84,13.066163486411
2006-06-23,3.52,13.213588806912
2006-06-26,3.92,13.265901017413
2006-06-27,4.0,13.120853524661
2006-06-28,4.4,13.337235849914
2006-06-29,4.24,14.017294586422
2006-06-30,4.06,14.067228969173
2006-07-03,3.95,14.091007246673
2006-07-05,3.94,14.026805897422
2006-07-06,3.72,14.290744777676
2006-07-07,3.65,14.447681409178
2006-07-10,3.72,14.64741894018
2006-07-11,3.69,14.685464184181
2006-07-12,3.52,14.692597667431
2006-07-13,3.42,14.528527552679
2006-07-14,3.5,14.245566050425
2006-07-17,3.35,14.124296835174
2006-07-18,3.2,14.326412193926
2006-07-19,3.2,14.559439313429
2006-07-20,3.2,14.112407696424
2006-07-21,3.14,14.198009495425
2006-07-24,2.86,14.364457437927
2006-07-25,2.86,14.716375944931
2006-07-26,2.86,14.828133849182
2006-07-27,2.85,14.554683657929
2006-07-28,2.81,14.856667782183
2006-07-31,2.8,14.62839631818
2006-08-01,2.76,14.435792270428
2006-08-02,2.72,14.64741894018
2006-08-03,2.72,14.759176844431
2006-08-04,2.7,14.583217590929
2006-08-07,2.64,14.725887255931
2006-08-08,2.61,14.64266328468
2006-08-09,2.55,14.66644156218
2006-08-10,2.45,14.709242461681
2006-08-11,2.36,14.754421188931
2006-08-14,2.39,14.63077414593
2006-08-15,2.75,14.794844260682
2006-08-16,3.05,15.218097600187
2006-08-17,3.2,15.213341944687
2006-08-18,3.45,15.134873628936
2006-08-21,3.52,15.130117973436
2006-08-22,3.45,15.089694901686
2006-08-23,3.44,15.013604413685
2006-08-24,3.39,15.146762767686
2006-08-25,3.38,15.027871380185
2006-08-28,3.33,15.329855504439
2006-08-29,3.4,15.227608911187
2006-08-30,3.41,15.089694901686
2006-08-31,3.48,15.075427935185
2006-09-01,3.62,15.058783140935
2006-09-05,3.65,14.947025236684
2006-09-06,3.67,14.63315197368
2006-09-07,3.65,14.699731150681
2006-09-08,3.58,15.144384939936
2006-09-11,3.33,15.087317073936
2006-09-12,3.2,15.180052356187
2006-09-13,3.26,15.146762767686
2006-09-14,3.29,15.097066167711
2006-09-15,3.35,15.396434681439
2006-09-18,3.35,15.41307947569
2006-09-19,3.35,15.44636906419
2006-09-20,3.12,15.44399123644
2006-09-21,3.2,15.275165466188
2006-09-22,3.15,15.403568164689
2006-09-25,3.4,15.734086221943
2006-09-26,3.41,15.879133714695
2006-09-27,3.63,16.009914240947
2006-09-28,3.8,16.319031848451
2006-09-29,4.1,16.352321436951
2006-10-02,4.19,15.284676777188
2006-10-03,4.2,14.749665533431
2006-10-04,4.16,15.213341944687
2006-10-05,4.05,15.529593035441
2006-10-06,3.9,15.539104346441
2006-10-09,3.95,15.498681274691
2006-10-10,3.95,15.44874689194
2006-10-11,3.78,15.529593035441
2006-10-12,3.75,15.895778508945
2006-10-13,3.7,15.905289819946
2006-10-16,3.79,16.052715140447
2006-10-17,3.9,16.169228700199
2006-10-18,3.9,16.102649523198
2006-10-19,3.79,16.2405635327
2006-10-20,3.9,16.404633647452
2006-10-23,3.86,16.497368929703
2006-10-24,4.0,16.321409676201
2006-10-25,3.95,16.157339561449
2006-10-26,3.95,16.490235446453
2006-10-27,3.88,16.212029599699
2006-10-30,4.0,16.399877991952
2006-10-31,3.79,16.383233197701
2006-11-01,3.74,16.069359934698
2006-11-02,4.0,16.171606527949
2006-11-03,3.9,16.135939111698
2006-11-06,3.95,16.364210575701
2006-11-07,3.9,16.585348556454
2006-11-08,3.76,16.402255819702
2006-11-09,3.95,15.945712891696
2006-11-10,4.0,16.012292068697
2006-11-13,4.04,15.948090719446
2006-11-14,4.06,16.074115590198
2006-11-15,4.04,16.138316939448
2006-11-16,4.05,16.2358078772
2006-11-17,4.05,16.509258068453
2006-11-20,4.48,16.383233197701
2006-11-21,4.91,16.052715140447
2006-11-22,5.3,15.824443676445
2006-11-24,5.48,15.729330566443
2006-11-27,5.15,15.503436930191
2006-11-28,5.0,15.724574910943
2006-11-29,4.96,15.872000231445
2006-11-30,5.0,15.684151839193
2006-12-01,5.0,15.508192585691
2006-12-04,5.25,16.078871245698
2006-12-05,5.4,16.097893867698
2006-12-06,5.5,16.193006977699
2006-12-07,5.5,15.902911992196
2006-12-08,5.61,15.722197083193
2006-12-11,5.61,15.634217456442
2006-12-12,5.22,15.517703896691
2006-12-13,5.26,15.210964116937
2006-12-14,5.1,15.063538796435
2006-12-15,4.7,15.334611159939
2006-12-18,4.45,15.168163217437
2006-12-19,4.84,15.370278576189
2006-12-20,5.1,15.398812509189
2006-12-21,5.74,15.543860001941
2006-12-22,5.3,15.336988987689
2006-12-26,5.35,15.48203648044
2006-12-27,5.39,15.700796633443
2006-12-28,5.37,15.539104346441
2006-12-29,5.39,15.43923558094
2007-01-03,5.28,15.015982241435
2007-01-04,5.57,15.263276327438
2007-01-05,5.65,15.268031982938
2007-01-08,6.28,15.272787638438
2007-01-09,6.32,15.45825820294
2007-01-10,6.43,15.382167714939
2007-01-11,7.3,15.750731016194
2007-01-12,8.03,15.731708394193
2007-01-16,7.55,15.776887121444
2007-01-17,7.67,15.786398432444
2007-01-18,7.7,15.731708394193
2007-01-19,7.45,15.593794384692
2007-01-22,7.82,15.277543293938
2007-01-23,7.9,15.180052356187
2007-01-24,7.69,15.277543293938
2007-01-25,7.55,15.077805762935
2007-01-26,7.57,14.916113475933
2007-01-29,7.62,15.025493552435
2007-01-30,7.78,15.092072729436
2007-01-31,8.55,15.294188088188
2007-02-01,9.0,17.008601895959
2007-02-02,9.18,16.804108709457
2007-02-05,8.98,16.649549905705
2007-02-06,9.25,16.723262565956
2007-02-07,9.45,17.177427666211
2007-02-08,9.44,17.158405044211
2007-02-09,9.3,16.920622269208
2007-02-12,9.32,16.837398297957
2007-02-13,9.25,16.780330431956
2007-02-14,8.7,17.05378062321
2007-02-15,9.17,17.165538527461
2007-02-16,9.02,17.134626766711
2007-02-20,9.14,17.284429914963
2007-02-21,9.24,17.650615388467
2007-02-22,9.3,17.610192316717
2007-02-23,9.23,17.507945723465
2007-02-26,9.1,17.607814488967
2007-02-27,8.45,16.782708259706
2007-02-28,7.92,17.015735379209
2007-03-01,7.84,16.785086087456
2007-03-02,7.53,16.749418671206
2007-03-05,7.33,16.642416422455
2007-03-06,7.45,16.815997848207
2007-03-07,7.37,16.661439044455
2007-03-08,7.5,16.659061216705
2007-03-09,7.45,16.706617771705
2007-03-12,7.02,16.839776125707
2007-03-13,7.15,16.366588403451
2007-03-14,7.63,16.540169829203
2007-03-15,7.8,16.673328183205
2007-03-16,8.19,16.535414173703
2007-03-19,8.48,16.827886986957
2007-03-20,8.6,17.312963847963
2007-03-21,8.7,17.693416287968
2007-03-22,8.5,17.769506775969
2007-03-23,8.3,17.733839359718
2007-03-26,8.24,17.90504295772
2007-03-27,8.3,17.833708125219
2007-03-28,8.16,17.843219436219
2007-03-29,8.25,18.130936593973
2007-03-30,8.59,18.226049703974
2007-04-02,9.0,18.192760115474
2007-04-03,9.04,18.523278172728
2007-04-04,8.9,18.532789483728
2007-04-05,9.0,18.623146938229
2007-04-09,8.97,18.475721617727
2007-04-10,9.1,18.375852852226
2007-04-11,9.19,18.237938842724
2007-04-12,8.91,18.782461397481
2007-04-13,8.86,18.646925215729
2007-04-16,8.89,18.951287167733
2007-04-17,8.95,18.870441024232
2007-04-18,8.93,18.649303043479
2007-04-19,9.13,19.429230545489
2007-04-20,9.15,19.590922832491
2007-04-23,9.29,19.781149052493
2007-04-24,9.1,19.823949951994
2007-04-25,9.19,20.026065310746
2007-04-26,9.1,19.968997444746
2007-04-27,9.12,19.464897961739
2007-04-30,9.0,19.431608373239
2007-05-01,8.84,19.636101559741
2007-05-02,9.0,19.833461262994
2007-05-03,8.93,19.785904707993
2007-05-04,8.91,19.764504258243
2007-05-07,8.9,19.726459014243
2007-05-08,8.99,19.693169425742
2007-05-09,8.8,19.752615119493
2007-05-10,8.43,19.267538258487
2007-05-11,8.73,19.53147713874
2007-05-14,8.81,19.426852717739
2007-05-15,8.82,19.460142306239
2007-05-16,8.75,19.971375272496
2007-05-17,8.77,19.719325530992
2007-05-18,8.72,19.740725980743
2007-05-21,8.65,19.664635492742
2007-05-22,8.78,19.907173923245
2007-05-23,8.9,19.633723731991
2007-05-24,8.88,19.576655865991
2007-05-25,8.77,19.436364028739
2007-05-29,8.7,19.48867623924
2007-05-30,8.8,19.560011071741
2007-05-31,8.51,19.681280286992
2007-06-01,8.11,19.735970325243
2007-06-04,8.3,19.921440889745
2007-06-05,8.5,19.804927329994
2007-06-06,8.43,19.357895712988
2007-06-07,8.12,18.68497045973
2007-06-08,8.19,18.785433682169
2007-06-11,8.11,18.837151435732
2007-06-12,7.94,18.765816603231
2007-06-13,7.48,19.103468143735
2007-06-14,7.58,19.174802976236
2007-06-15,7.73,19.219981703486
2007-06-18,7.46,19.143891215485
2007-06-19,7.5,19.212848220236
2007-06-20,7.27,18.808617502731
2007-06-21,6.4,18.868063196482
2007-06-22,6.66,18.661192182229
2007-06-25,7.05,18.412709182351
2007-06-26,7.22,18.451943340227
2007-06-27,7.43,18.927508890233
2007-06-28,7.35,18.827640124732
2007-06-29,7.16,18.451895783672
2007-07-02,6.57,18.70874873723
2007-07-03,6.69,18.570834727728
2007-07-05,6.54,18.537545139228
2007-07-06,6.94,18.604124316229
2007-07-09,6.56,18.72301570373
2007-07-10,6.67,18.956042823233
2007-07-11,6.76,18.889463646232
2007-07-12,6.84,18.994088067234
2007-07-13,6.98,19.003599378234
2007-07-16,6.88,18.841907091232
2007-07-17,6.89,18.656484083284
2007-07-18,6.82,18.70874873723
2007-07-19,6.93,19.222359531236
2007-07-20,6.72,18.428165062727
2007-07-23,6.75,18.071490900222
2007-07-24,6.52,18.004864166666
2007-07-25,6.85,18.033445656222
2007-07-26,6.87,17.724328048718
2007-07-27,6.9,17.576902728216
2007-07-30,6.76,17.795662881219
2007-07-31,6.9,17.705305426718
2007-08-01,6.47,17.643481905217
2007-08-02,6.73,17.933576890721
2007-08-03,6.7,17.562635761716
2007-08-06,6.75,18.142825732723
2007-08-07,6.7,18.004864166666
2007-08-08,6.58,18.271228431225
2007-08-09,6.64,17.743350670718
2007-08-10,6.85,17.624411726662
2007-08-13,6.94,17.790907225719
2007-08-14,6.93,17.91455426872
2007-08-15,6.69,17.981133445721
2007-08-16,6.46,17.88126468022
2007-08-17,6.95,18.071490900222
2007-08-20,7.4,17.985889101221
2007-08-21,7.31,17.943088201721
2007-08-22,8.05,17.828952469719
2007-08-23,8.18,17.681527149217
2007-08-24,8.97,17.733839359718
2007-08-27,8.85,17.467522651715
2007-08-28,8.85,16.963423168709
2007-08-29,8.85,17.144138077711
2007-08-30,8.75,17.186938977211
2007-08-31,8.55,17.296319053713
2007-09-04,8.85,17.657748871717
2007-09-05,8.85,17.343875608713
2007-09-06,9.05,17.87650902472
2007-09-07,9.05,17.90979861322
2007-09-10,9.1,17.809929847719
2007-09-11,8.72,18.123803110723
2007-09-12,8.32,18.190382287724
2007-09-13,8.65,18.309273675225
2007-09-14,8.8,18.081002211222
2007-09-17,8.48,17.705305426718
2007-09-18,8.15,18.323540641725
2007-09-19,8.2,18.375852852226
2007-09-20,8.33,18.765816603231
2007-09-21,8.25,19.084445521735
2007-09-24,8.3,18.913241923733
2007-09-25,8.4,19.365029196238
2007-09-26,8.27,19.403074440239
2007-09-27,8.67,19.55525541624
2007-09-28,8.8,19.436364028739
2007-10-01,8.95,19.911929578745
2007-10-02,8.95,19.686511508042
2007-10-03,9.08,19.645612870742
2007-10-04,9.05,19.745481636243
2007-10-05,9.2,20.025351962421
2007-10-08,9.68,19.598056315741
2007-10-09,10.19,20.016553999746
2007-10-10,10.5,20.439807339251
2007-10-11,10.3,20.125934076247
2007-10-12,10.11,20.592701663578
2007-10-15,9.94,19.978508755746
2007-10-16,10.0,20.163979320248
2007-10-17,9.97,20.31616029625
2007-10-18,10.0,20.691857080754
2007-10-19,10.03,19.973753100246
2007-10-22,10.45,20.244825463749
2007-10-23,10.75,20.458829961252
2007-10-24,11.34,20.905861578257
2007-10-25,11.71,21.642988180766
2007-10-26,12.1,22.051974553771
2007-10-29,12.2,21.856992678269
2007-10-30,12.0,21.628721214266
2007-10-31,11.5,21.96637275477
2007-11-01,11.5,21.771390879268
2007-11-02,11.55,22.308779950774
2007-11-05,11.98,22.446693960276
2007-11-06,12.45,22.403893060776
2007-11-07,12.75,21.219734841261
2007-11-08,12.49,21.433739338764
2007-11-09,11.55,20.720391013755
2007-11-12,11.9,20.240069808249
2007-11-13,12.15,20.501630860752
2007-11-14,11.95,20.882083300757
2007-11-15,11.75,20.758436257755
2007-11-16,11.65,21.229246152261
2007-11-19,11.92,20.582477004253
2007-11-20,11.28,20.805992812756
2007-11-21,10.9,20.477852583252
2007-11-23,11.32,20.601499626253
2007-11-26,11.75,19.930952200745
2007-11-27,11.69,21.15791131976
2007-11-28,11.95,21.795169156768
2007-11-29,12.05,21.761879568268
2007-11-30,12.15,22.132820697272
2007-12-03,12.25,21.847481367269
2007-12-04,12.3,21.500318515764
2007-12-05,12.35,22.246956429274
2007-12-06,12.37,22.641675835778
2007-12-07,12.43,22.384870438775
2007-12-10,12.31,22.703499357279
2007-12-11,12.08,21.799924812268
2007-12-12,11.6,22.280246017774
2007-12-13,11.57,21.97588406577
2007-12-14,11.57,21.804680467768
2007-12-17,12.06,21.609698592266
2007-12-18,11.29,21.662010802766
2007-12-19,11.1999,21.771390879268
2007-12-20,10.95,21.837970056269
2007-12-21,10.64,22.094775453272
2007-12-24,11.25,22.308779950774
2007-12-26,11.73,22.418160027276
2007-12-27,12.17,22.023440620771
2007-12-28,12.4,22.032951931771
2007-12-31,13.1,21.880770955769
2008-01-02,13.28,21.562142037265
2008-01-03,13.29,22.299268639774
2008-01-04,13.2,21.828458745268
2008-01-07,12.71,22.689232390779
2008-01-08,12.95,22.280246017774
2008-01-09,13.0,23.064929175284
2008-01-10,13.0,22.931770821282
2008-01-11,12.91,23.150530974285
2008-01-14,12.28,22.903236888282
2008-01-15,11.35,22.456205271276
2008-01-16,11.34,22.646431491278
2008-01-17,11.17,22.460960926776
2008-01-18,10.85,21.95686144377
2008-01-22,10.13,21.022375138009
2008-01-23,10.7599,21.311043426862
2008-01-24,10.1999,21.685789080267
2008-01-25,10.88,20.482608238752
2008-01-28,10.43,20.449318650251
2008-01-29,10.35,20.520653482752
2008-01-30,9.75,20.924884200257
2008-01-31,10.17,21.728589979767
2008-02-01,10.27,21.842725711769
2008-02-04,10.37,22.013929309771
2008-02-05,10.35,21.195956563761
2008-02-06,10.49,21.338626228762
2008-02-07,10.09,21.12937738676
2008-02-08,9.93,21.17693394176
2008-02-11,10.0,21.210223530261
2008-02-12,10.172,21.443250649764
2008-02-13,10.6,21.614454247766
2008-02-14,10.8,21.276802707262
2008-02-15,10.85,21.219734841261
2008-02-19,11.0,21.486051549264
2008-02-20,10.9,21.685789080267
2008-02-21,11.39,20.891594611757
2008-02-22,10.49,20.411273406251
2008-02-25,10.26,20.744169291255
2008-02-26,10.35,20.953418133258
2008-02-27,10.14,20.825015434756
2008-02-28,10.2,21.619209903266
2008-02-29,10.22,22.503761826277
2008-03-03,9.82,23.098218763784
2008-03-04,10.08,23.454892926288
2008-03-05,10.2,23.283689328286
2008-03-06,10.02,22.73678894578
2008-03-07,10.1,23.160042285285
2008-03-10,9.87,21.93783882177
2008-03-11,9.86,22.473135404856
2008-03-12,9.42,22.831902055781
2008-03-13,9.99,23.060173519784
2008-03-14,10.0,22.613141902778
2008-03-17,9.59,22.237445118273
2008-03-18,9.96,22.869947299781
2008-03-19,9.36,22.617897558278
2008-03-20,8.95,23.031639586783
2008-03-24,9.48,23.59280693579
2008-03-25,9.94,24.258598705798
2008-03-26,9.89,23.892413232294
2008-03-27,9.99,23.768766189292
2008-03-28,9.73,23.59280693579
2008-03-31,10.01,24.505892791801
2008-04-01,10.99,25.147906284309
2008-04-02,11.84,24.681852045304
2008-04-03,11.84,24.567716313302
2008-04-04,12.43,24.895856542806
2008-04-07,12.33,24.757942533304
2008-04-08,12.91,24.672340734303
2008-04-09,13.22,24.268110016798
2008-04-10,12.97,24.772209499805
2008-04-11,13.26,24.082639452296
2008-04-14,13.2,24.149218629297
2008-04-15,13.05,24.287132638799
2008-04-16,13.06,24.634295490303
2008-04-17,12.91,23.759254878292
2008-04-18,12.88,24.615272868303
2008-04-21,12.95,24.776965155305
2008-04-22,12.21,24.201530839798
2008-04-23,12.75,24.016060275295
2008-04-24,12.9,24.263354361298
2008-04-25,13.15,24.444069270301
2008-04-28,13.48,24.981458341807
2008-04-29,13.78,24.591494590802
2008-04-30,13.8,24.615272868303
2008-05-01,14.55,25.20497415031
2008-05-02,14.76,25.504580446814
2008-05-05,14.75,25.523603068814
2008-05-06,14.57,25.747118877317
2008-05-07,14.7,25.314354226811
2008-05-08,14.64,25.732851910816
2008-05-09,14.54,25.509336102314
2008-05-12,14.81,25.908811164319
2008-05-13,15.0,25.428489958813
2008-05-14,14.96,24.995725308307
2008-05-15,14.84,25.18119587281
2008-05-16,15.02,25.24777504981
2008-05-19,14.99,25.309598571311
2008-05-20,15.29,25.618716178815
2008-05-21,14.96,24.957680064307
2008-05-22,15.01,25.533114379814
2008-05-23,15.0,25.19546283931
2008-05-27,14.82,25.514091757814
2008-05-28,14.83,25.476046513813
2008-05-29,14.94,26.322553192824
2008-05-30,15.0,26.308286226324
2008-06-02,14.93,25.956367719319
2008-06-03,14.58,26.298774915323
2008-06-04,14.21,26.745806532329
2008-06-05,13.69,26.936032752331
2008-06-06,14.11,26.04196951832
2008-06-09,13.71,25.823209365318
2008-06-10,13.87,25.770897154817
2008-06-11,13.93,25.276308982811
2008-06-12,14.66,25.076571451808
2008-06-13,14.99,25.747118877317
2008-06-16,14.78,25.837476331818
2008-06-17,14.94,25.466535202813
2008-06-18,14.9,25.418978647813
2008-06-19,14.62,26.379621058824
2008-06-20,14.94,26.02294689632
2008-06-23,14.6,26.04196951832
2008-06-24,14.44,25.923078130819
2008-06-25,14.71,25.908811164319
2008-06-26,14.48,25.17644021731
2008-06-27,15.41,25.138394973309
2008-06-30,14.61,25.18119587281
2008-07-01,14.5,24.810254743805
2008-07-02,13.63,24.3917570598
2008-07-03,13.03,24.296643949799
2008-07-07,13.02,24.572471968802
2008-07-08,14.72,25.457023891813
2008-07-09,14.48,25.594937901315
2008-07-10,15.01,25.961123374819
2008-07-11,15.36,25.537870035314
2008-07-14,14.83,25.466535202813
2008-07-15,13.9,26.156105250322
2008-07-16,14.77,26.065747795821
2008-07-17,14.81,26.346331470324
2008-07-18,14.75,23.55476169179
2008-07-21,14.71,23.60707390229
2008-07-22,14.95,24.301399605299
2008-07-23,14.76,25.062304485308
2008-07-24,15.04,25.052793174308
2008-07-25,14.99,25.923078130819
2008-07-28,14.61,25.048037518808
2008-07-29,14.9,25.671028389316
2008-07-30,15.0,25.637738800815
2008-07-31,14.79,25.671028389316
2008-08-01,14.98,25.533114379814
2008-08-04,15.0,25.604449212315
2008-08-05,14.83,26.308286226324
2008-08-06,14.88,26.645937766828
2008-08-07,14.84,26.175127872322
2008-08-08,14.85,26.997856273832
2008-08-11,14.8,26.83616398683
2008-08-12,14.5,27.154792905334
2008-08-13,14.82,27.016878895832
2008-08-14,14.71,26.959811029832
2008-08-15,14.6,26.755317843329
2008-08-18,14.31,26.531802034826
2008-08-19,14.15,25.942100752819
2008-08-20,14.26,25.975390341319
2008-08-21,14.15,25.751874532817
2008-08-22,14.23,25.827965020818
2008-08-25,13.64,25.304842915811
2008-08-26,14.75,25.628227489815
2008-08-27,14.35,25.561648312814
2008-08-28,14.58,25.304842915811
2008-08-29,14.62,25.052793174308
2008-09-02,14.24,23.911435854294
2008-09-03,14.19,24.4345579593
2008-09-04,13.75,23.768766189292
2008-09-05,13.66,22.75581156778
2008-09-08,13.93,22.384870438775
2008-09-09,13.55,22.204155529773
2008-09-10,13.79,22.265979051274
2008-09-11,13.86,23.321734572287
2008-09-12,13.68,22.884214266281
2008-09-15,13.47,22.74630025678
2008-09-16,14.15,23.697431356791
2008-09-17,13.38,22.318291261774
2008-09-18,14.0,22.432426993776
2008-09-19,14.5,22.094775453272
2008-09-22,14.1,21.262535740761
2008-09-23,14.29,21.253024429761
2008-09-24,13.95,22.204155529773
2008-09-25,14.35,22.375359127775
2008-09-26,14.39,23.131508352284
2008-09-29,13.84,20.183001942248
2008-09-30,14.07,21.700056046767
2008-10-01,13.39,21.543119415265
2008-10-02,13.33,21.253024429761
2008-10-03,13.2,21.757123912768
2008-10-06,12.81,19.916685234245
2008-10-07,12.0,19.303205674737
2008-10-08,11.07,19.53147713874
2008-10-09,9.17,19.041644622234
2008-10-10,10.06,17.819441158719
2008-10-13,10.5,20.282870707749
2008-10-14,10.79,19.651557440117
2008-10-15,9.82,18.204649254224
2008-10-16,10.56,19.683658114742
2008-10-17,10.22,20.463585616752
2008-10-20,11.19,22.109042419772
2008-10-21,10.84,21.885526611269
2008-10-22,10.64,22.099531108772
2008-10-23,10.49,21.623965558766
2008-10-24,9.65,20.601499626253
2008-10-27,8.5,20.163979320248
2008-10-28,9.22,21.291069673762
2008-10-29,9.59,21.704811702267
2008-10-30,9.55,22.213666840773
2008-10-31,9.72,21.804680467768
2008-11-03,9.62,22.499006170777
2008-11-04,9.45,22.384870438775
2008-11-05,8.52,21.409961061263
2008-11-06,8.41,21.091332142759
2008-11-07,8.58,21.419472372263
2008-11-10,8.25,21.324359262262
2008-11-11,8.25,20.991463377258
2008-11-12,7.93,21.13888869776
2008-11-13,8.63,22.494250515277
2008-11-14,8.01,22.313535606274
2008-11-17,7.75,21.833214400768
2008-11-18,7.67,21.505074171264
2008-11-19,7.19,20.544431760253
2008-11-20,6.59,19.750237291743
2008-11-21,6.5,19.716947703242
2008-11-24,6.35,20.32091595175
2008-11-25,5.99,20.991463377258
2008-11-26,6.8,21.424228027763
2008-11-28,7.03,21.300580984762
2008-12-01,5.91,20.192513253248
2008-12-02,6.55,20.967685099758
2008-12-03,6.83,21.95686144377
2008-12-04,7.02,21.662010802766
2008-12-05,7.5,22.537051414777
2008-12-08,8.01,22.194644218773
2008-12-09,8.4,21.319603606762
2008-12-10,8.49,21.685789080267
2008-12-11,7.95,20.958173788758
2008-12-12,8.45,21.414716716763
2008-12-15,8.48,21.091332142759
2008-12-16,8.7,22.76532287878
2008-12-17,8.35,22.660698457779
2008-12-18,8.65,23.198087529285
2008-12-19,8.28,23.61182955779
2008-12-22,7.67,23.920947165294
2008-12-23,7.48,23.778277500292
2008-12-24,7.55,23.997037653295
2008-12-26,7.68,23.783033155792
2008-12-29,7.51,23.725965289792
2008-12-30,7.66,24.4107796818
2008-12-31,7.68,24.320422227299
2009-01-02,8.03,24.815010399305
2009-01-05,8.61,24.253843050298
2009-01-06,8.6,23.60231824679
2009-01-07,8.74,23.169553596285
2009-01-08,9.06,23.240888428786
2009-01-09,8.48,22.717766323779
2009-01-12,8.08,22.660698457779
2009-01-13,8.27,23.022128275783
2009-01-14,8.22,22.646431491278
2009-01-15,8.9,22.841413366781
2009-01-16,8.41,22.960304754282
2009-01-20,7.39,22.446693960276
2009-01-21,7.85,23.492938170289
2009-01-22,7.74,23.160042285285
2009-01-23,7.25,22.946037787782
2009-01-26,7.01,23.012616964783
2009-01-27,7.32,22.936526476782
2009-01-28,7.57,24.035082897296
2009-01-29,7.2,24.082639452296
2009-01-30,7.0,24.144462973797
2009-02-02,7.4,24.667585078803
2009-02-03,7.5,25.109861040309
2009-02-04,7.06,24.710385978304
2009-02-05,7.04,24.838788676805
2009-02-06,7.56,24.943413097807
2009-02-09,7.44,24.496381480801
2009-02-10,6.9,23.668897423791
2009-02-11,6.84,23.759254878292
2009-02-12,6.57,24.016060275295
2009-02-13,6.99,23.897168887794
2009-02-17,6.11,23.169553596285
2009-02-18,5.96,23.58329562479
2009-02-19,5.94,23.321734572287
2009-02-20,5.78,23.778277500292
2009-02-23,5.54,23.278933672786
2009-02-24,6.01,23.939969787294
2009-02-25,5.8,23.55951734729
2009-02-26,5.69,22.384870438775
2009-02-27,5.58,21.305336640262
2009-03-02,4.66,21.053286898759
2009-03-03,5.0,21.409961061263
2009-03-04,5.2,21.576409003765
2009-03-05,4.97,20.820259779256
2009-03-06,5.16,20.929639855757
2009-03-09,4.83,20.786970190756
2009-03-10,5.13,21.16742263076
2009-03-11,5.18,20.943906822258
2009-03-12,6.12,21.12937738676
2009-03-13,6.03,21.604942936766
2009-03-16,5.62,21.015241654758
2009-03-17,6.46,21.92357185527
2009-03-18,6.98,21.467028927264
2009-03-19,6.56,21.067553865259
2009-03-20,6.22,21.072309520759
2009-03-23,7.19,21.723834324267
2009-03-24,6.67,21.210223530261
2009-03-25,6.5,20.867816334257
2009-03-26,7.03,20.896350267257
2009-03-27,6.48,21.100843453759
2009-03-30,6.41,21.695300391267
2009-03-31,6.47,22.028196276271
2009-04-01,6.25,21.486051549264
2009-04-02,6.5,21.257780085261
2009-04-03,6.12,22.342069539275
2009-04-06,5.74,23.003105653783
2009-04-07,5.82,22.556074036777
2009-04-08,5.79,22.537051414777
2009-04-09,6.05,22.651187146779
2009-04-13,5.9,22.603630591778
2009-04-14,5.54,22.185132907773
2009-04-15,6.14,21.18168959726
2009-04-16,6.26,21.329114917762
2009-04-17,6.24,21.253024429761
2009-04-20,5.71,20.815504123756
2009-04-21,6.04,20.796481501756
2009-04-22,6.04,21.98063972127
2009-04-23,5.71,21.828458745268
2009-04-24,5.98,21.780902190268
2009-04-27,5.78,22.603630591778
2009-04-28,6.15,22.636920180278
2009-04-29,6.07,22.332558228275
2009-04-30,6.01,21.780902190268
2009-05-01,5.9,21.310092295762
2009-05-04,5.99,21.352893195263
2009-05-05,6.01,21.17217828626
2009-05-06,6.06,20.939151166757
2009-05-07,5.82,21.604942936766
2009-05-08,6.3,20.929639855757
2009-05-11,6.06,21.234001807761
2009-05-12,6.01,21.18168959726
2009-05-13,6.0,21.11511042026
2009-05-14,6.08,21.019997310258
2009-05-15,6.0,20.805992812756
2009-05-18,6.02,20.620522248254
2009-05-19,5.89,20.30189332975
2009-05-20,5.57,20.125934076247
2009-05-21,5.25,20.240069808249
2009-05-22,5.2,20.130689731748
2009-05-26,5.4,20.197268908748
2009-05-27,5.32,19.707436392242
2009-05-28,5.37,19.983264411246
2009-05-29,5.43,20.496875205252
2009-06-01,6.01,20.33993857375
2009-06-02,6.6,20.492119549752
2009-06-03,6.75,21.272047051762
2009-06-04,6.83,21.362404506263
2009-06-05,6.76,21.200712219261
2009-06-08,6.61,21.15791131976
2009-06-09,6.33,21.200712219261
2009-06-10,6.48,21.058042554259
2009-06-11,6.7,21.015241654758
2009-06-12,7.06,21.371915817263
2009-06-15,6.86,20.891594611757
2009-06-16,6.72,21.000974688258
2009-06-17,7.01,21.652499491766
2009-06-18,6.99,22.113798075272
2009-06-19,6.99,22.361092161275
2009-06-22,6.16,22.028196276271
2009-06-23,6.51,22.189888563273
2009-06-24,6.18,22.128065041772
2009-06-25,6.61,22.77007853428
2009-06-26,6.09,22.598874936278
2009-06-29,6.24,22.527540103777
2009-06-30,5.86,22.275490362274
2009-07-01,5.89,22.270734706774
2009-07-02,5.78,21.828458745268
2009-07-06,5.4,21.757123912768
2009-07-07,5.36,21.490807204764
2009-07-08,5.29,21.362404506263
2009-07-09,5.21,21.262535740761
2009-07-10,5.29,21.13413304226
2009-07-13,5.3,21.538363759765
2009-07-14,5.46,21.357648850763
2009-07-15,5.57,21.790413501268
2009-07-16,5.97,22.289757328774
2009-07-17,5.82,22.74630025678
2009-07-20,5.64,22.812879433781
2009-07-21,5.65,23.088707452784
2009-07-22,5.87,22.76056722328
2009-07-23,6.42,22.988838687283
2009-07-24,6.48,23.031639586783
2009-07-27,6.5,23.278933672786
2009-07-28,6.54,23.649874801791
2009-07-29,6.57,23.687920045791
2009-07-30,6.79,23.57853996929
2009-07-31,6.45,23.269422361786
2009-08-03,6.43,23.435870304288
2009-08-04,6.9,22.74630025678
2009-08-05,6.96,22.275490362274
2009-08-06,6.94,21.614454247766
2009-08-07,7.03,21.761879568268
2009-08-10,7.16,21.876015300269
2009-08-11,7.45,21.709567357767
2009-08-12,7.67,21.804680467768
2009-08-13,7.91,21.490807204764
2009-08-14,7.57,21.376671472763
2009-08-17,7.03,21.039019932259
2009-08-18,7.26,21.077065176259
2009-08-19,7.56,21.506976433464
2009-08-20,7.35,21.861748333769
2009-08-21,7.44,21.91881619977
2009-08-24,7.66,21.876015300269
2009-08-25,7.62,21.99490668777
2009-08-26,7.67,21.98539537677
2009-08-27,7.61,21.790413501268
2009-08-28,7.76,21.519341137765
2009-08-31,7.59,21.428983683264
2009-09-01,7.45,21.457517616264
2009-09-02,7.47,21.538363759765
2009-09-03,7.62,21.619209903266
2009-09-04,7.75,21.93783882177
2009-09-08,7.42,22.270734706774
2009-09-09,7.5,22.451449615776
2009-09-10,7.5,22.037707587271
2009-09-11,7.57,21.92357185527
2009-09-14,7.6,22.128065041772
2009-09-15,7.55,21.914060544269
2009-09-16,7.58,22.023440620771
2009-09-17,7.9,21.795169156768
2009-09-18,7.85,21.761879568268
2009-09-21,7.98,22.175621596773
2009-09-22,7.7,21.93783882177
2009-09-23,7.69,21.818947434268
2009-09-24,7.75,21.876015300269
2009-09-25,7.7,21.97112841027
2009-09-28,7.76,22.38957853772
2009-09-29,7.5,22.104286764272
2009-09-30,7.41,22.113798075272
2009-10-01,7.26,21.543119415265
2009-10-02,7.17,21.16742263076
2009-10-05,7.86,21.400449750263
2009-10-06,7.8,21.742856946267
2009-10-07,7.88,21.547875070765
2009-10-08,7.8,21.505074171264
2009-10-09,7.88,21.543119415265
2009-10-12,7.7,21.486051549264
2009-10-13,8.04,21.671522113766
2009-10-14,8.34,21.899793577769
2009-10-15,7.9,22.175621596773
2009-10-16,7.93,21.95686144377
2009-10-19,7.91,22.261223395774
2009-10-20,7.55,21.93308316627
2009-10-21,7.06,21.557386381765
2009-10-22,6.86,21.210223530261
2009-10-23,6.94,20.844038056756
2009-10-26,6.68,20.653811836754
2009-10-27,6.27,20.506386516252
2009-10-28,5.65,20.249581119249
2009-10-29,5.56,20.420784717251
2009-10-30,5.34,20.235314152749
2009-11-02,5.59,20.29238201875
2009-11-03,5.87,20.829771090256
2009-11-04,5.15,20.863060678757
2009-11-05,5.37,21.638232525266
2009-11-06,5.25,21.999662343271
2009-11-09,4.99,22.151843319272
2009-11-10,4.78,22.261223395774
2009-11-11,4.91,22.418160027276
2009-11-12,4.97,22.294512984274
2009-11-13,4.72,22.375359127775
2009-11-16,5.18,22.556074036777
2009-11-17,5.26,22.584607969778
2009-11-18,5.01,22.246956429274
2009-11-19,4.69,22.123309386272
2009-11-20,4.83,22.061485864771
2009-11-23,5.0,22.356336505775
2009-11-24,5.0,22.332558228275
2009-11-25,4.89,22.342069539275
2009-11-27,4.83,22.142332008272
2009-11-30,4.93,21.92832751077
2009-12-01,4.95,22.066241520271
2009-12-02,5.0,22.132820697272
2009-12-03,4.93,21.999662343271
2009-12-04,5.04,22.156598974772
2009-12-07,5.07,22.170865941273
2009-12-08,4.94,21.93308316627
2009-12-09,4.91,21.876015300269
2009-12-10,4.85,22.013929309771
2009-12-11,4.88,22.075752831271
2009-12-14,4.8,22.332558228275
2009-12-15,4.65,21.547875070765
2009-12-16,4.68,20.558698726753
2009-12-17,4.67,20.544431760253
2009-12-18,4.73,20.36847250675
2009-12-21,5.04,20.525409138252
2009-12-22,5.07,20.563454382253
2009-12-23,5.24,20.454074305752
2009-12-24,5.23,20.449318650251
2009-12-28,5.28,20.572965693253
2009-12-29,5.17,20.672834458754
2009-12-30,5.28,20.829771090256
2009-12-31,5.17,20.577721348753
2010-01-04,5.27,20.591988315253
2010-01-05,4.95,20.572965693253
2010-01-06,4.8,21.286314018262
2010-01-07,4.96,21.338626228762
2010-01-08,5.39,21.18168959726
2010-01-11,5.27,21.348137539763
2010-01-12,5.16,21.376671472763
2010-01-13,5.17,21.642988180766
2010-01-14,5.11,21.619209903266
2010-01-15,4.94,21.647743836266
2010-01-19,5.62,22.009173654271
2010-01-20,5.66,21.899793577769
2010-01-21,5.5,21.771390879268
2010-01-22,5.47,21.914060544269
2010-01-25,5.35,21.738101290767
2010-01-26,4.95,21.338626228762
2010-01-27,4.97,22.846169022281
2010-01-28,4.84,22.594119280778
2010-01-29,4.79,22.955549098782
2010-02-01,4.62,22.73678894578
2010-02-02,4.6,23.093463108284
2010-02-03,4.65,22.608386247278
2010-02-04,4.8,22.099531108772
2010-02-05,4.88,22.056730209271
2010-02-08,4.66,21.91881619977
2010-02-09,4.7,22.018684965271
2010-02-10,4.69,21.861748333769
2010-02-11,4.79,22.237445118273
2010-02-12,4.79,22.356336505775
2010-02-16,4.88,22.289757328774
2010-02-17,4.85,23.136264007785
2010-02-18,4.86,23.516716447789
2010-02-19,4.88,23.226621462286
2010-02-22,4.86,22.77007853428
2010-02-23,4.8,22.518028792777
2010-02-24,4.86,22.617897558278
2010-02-25,4.86,22.546562725777
2010-02-26,4.79,22.641675835778
2010-03-01,4.88,22.594119280778
2010-03-02,4.89,22.608386247278
2010-03-03,4.95,22.622653213778
2010-03-04,5.0,22.380114783275
2010-03-05,5.0,22.641675835778
2010-03-08,4.97,22.356336505775
2010-03-09,4.95,22.560829692277
2010-03-10,5.1,22.484739204277
2010-03-11,5.11,22.399137405275
2010-03-12,5.01,22.551318381277
2010-03-15,4.99,22.598874936278
2010-03-16,4.95,22.575096658778
2010-03-17,4.93,22.437182649276
2010-03-18,4.94,22.551318381277
2010-03-19,5.0,22.76532287878
2010-03-22,5.09,22.898481232782
2010-03-23,5.07,22.713010668279
2010-03-24,5.58,22.489494859777
2010-03-25,5.89,21.852237022769
2010-03-26,5.67,21.562142037265
2010-03-29,5.75,21.818947434268
2010-03-30,5.82,21.690544735767
2010-03-31,6.21,21.623965558766
2010-04-01,5.97,21.704811702267
2010-04-05,6.31,21.799924812268
2010-04-06,6.34,21.642988180766
2010-04-07,6.22,21.614454247766
2010-04-08,6.22,21.790413501268
2010-04-09,6.22,21.779713276393
2010-04-12,6.2,21.814191778768
2010-04-13,6.64,22.042463242771
2010-04-14,6.91,21.904549233269
2010-04-15,6.94,21.552630726265
2010-04-16,6.51,21.733345635267
2010-04-19,6.82,21.752368257267
2010-04-20,6.92,21.433739338764
2010-04-21,6.85,19.384051818238
2010-04-22,6.52,19.303205674737
2010-04-23,6.72,19.816816468744
2010-04-26,6.65,19.288938708237
2010-04-27,6.52,19.198581253736
2010-04-28,6.5,19.346006574238
2010-04-29,6.59,19.212848220236
2010-04-30,6.26,18.884707990732
2010-05-03,6.66,18.908486268233
2010-05-04,6.4,18.323540641725
2010-05-05,6.31,19.122490765735
2010-05-06,5.73,18.632658249229
2010-05-07,4.97,18.247450153724
2010-05-10,5.04,18.252205809224
2010-05-11,4.97,18.67070349323
2010-05-12,5.1,19.093956832735
2010-05-13,5.51,18.770572258731
2010-05-14,5.32,17.966866479221
2010-05-17,5.42,18.180870976724
2010-05-18,5.2,18.202271426474
2010-05-19,5.4,18.547056450228
2010-05-20,4.73,17.581658383716
2010-05-21,4.82,17.391432163714
2010-05-24,4.52,17.286807742713
2010-05-25,4.15,17.205961599212
2010-05-26,3.78,16.559192451204
2010-05-27,3.75,17.234495532212
2010-05-28,3.76,17.08231455621
2010-06-01,3.73,16.849287436707
2010-06-02,4.03,17.120359800211
2010-06-03,3.9,17.071614331335
2010-06-04,3.67,16.504502412953
2010-06-07,3.25,16.378477542201
2010-06-08,3.19,15.912423303196
2010-06-09,3.06,15.650862250692
2010-06-10,3.265,16.036070346197
2010-06-11,3.905,16.421278441702
2010-06-14,3.86,16.473590652203
2010-06-15,4.16,16.896843991708
2010-06-16,4.05,17.030002345709
2010-06-17,3.95,17.10609283371
2010-06-18,3.81,17.129395545661
2010-06-21,3.87,17.167916355211
2010-06-22,3.71,17.07755890071
2010-06-23,3.32,17.220228565712
2010-06-24,3.54,16.987201446209
2010-06-25,3.54,17.286807742713
2010-06-28,3.8,17.010979723709
2010-06-29,3.79,16.630527283705
2010-06-30,3.6,16.3023870542
2010-07-01,3.51,16.2358078772
2010-07-02,3.49,16.582970728704
2010-07-06,3.34,16.535414173703
2010-07-07,3.3,16.616260317204
2010-07-08,3.26,16.559192451204
2010-07-09,3.38,16.521147207203
2010-07-12,3.37,16.397500164202
2010-07-13,3.57,16.739907360206
2010-07-14,3.56,16.554436795704
2010-07-15,3.51,16.597237695204
2010-07-16,3.44,15.189563667187
2010-07-19,3.42,15.650862250692
2010-07-20,3.38,15.693663150193
2010-07-21,3.42,15.650862250692
2010-07-22,3.54,16.064604279198
2010-07-23,3.53,15.898156336696
2010-07-26,3.54,15.879133714695
2010-07-27,3.42,15.879133714695
2010-07-28,3.51,15.893400681195
2010-07-29,3.76,15.888645025695
2010-07-30,3.69,15.845844126195
2010-08-02,3.76,16.387988853202
2010-08-03,3.58,16.397500164202
2010-08-04,3.635,16.749418671206
2010-08-05,3.52,16.991957101709
2010-08-06,3.53,17.034758001209
2010-08-09,3.47,17.006224068209
2010-08-10,3.41,17.020491034709
2010-08-11,3.17,16.435545408202
2010-08-12,3.14,16.483101963203
2010-08-13,3.3,16.316654020701
2010-08-16,3.33,16.102649523198
2010-08-17,3.51,16.24294136045
2010-08-18,3.59,16.057470795947
2010-08-19,3.49,15.755486671694
2010-08-20,3.35,15.522459552191
2010-08-23,3.37,15.622328317692
2010-08-24,3.4,15.260898499688
2010-08-25,3.4,15.608061351192
2010-08-26,3.43,15.251387188688
2010-08-27,3.44,15.46539168619
2010-08-30,3.36,15.41783513119
2010-08-31,3.42,15.137251456686
2010-09-01,3.38,15.703174461193
2010-09-02,3.35,15.764997982694
2010-09-03,3.38,16.178740011199
2010-09-07,3.44,15.803043226694
2010-09-08,3.35,16.126427800698
2010-09-09,3.38,16.193006977699
2010-09-10,3.4,16.354699264701
2010-09-13,3.425,16.354699264701
2010-09-14,3.42,16.411767130702
2010-09-15,3.36,16.568703762204
2010-09-16,3.36,16.630527283705
2010-09-17,3.13,16.436734322077
2010-09-20,3.34,16.925377924708
2010-09-21,3.36,17.07280324521
2010-09-22,3.34,17.125115455711
2010-09-23,3.345,17.015735379209
2010-09-24,3.43,17.381920852714
2010-09-27,3.405,17.05378062321
2010-09-28,3.43,17.186938977211
2010-09-29,3.29,17.05853627871
2010-09-30,3.29,16.934889235708
2010-10-01,3.3,17.006224068209
2010-10-04,3.25,16.815997848207
2010-10-05,3.25,17.129871111211
2010-10-06,3.17,17.001468412709
2010-10-07,3.2,17.244006843212
2010-10-08,3.22,17.277296431712
2010-10-11,3.025,17.220228565712
2010-10-12,3.01,17.172672010711
2010-10-13,2.98,17.443744374215
2010-10-14,2.91,17.496056584715
2010-10-15,2.89,17.943088201721
2010-10-18,2.71,17.85273074722
2010-10-19,2.72,17.467522651715
2010-10-20,2.78,18.256961464725
2010-10-21,2.75,18.594613005229
2010-10-22,2.87,18.599368660729
2010-10-25,2.86,18.803861847231
2010-10-26,2.86,18.837151435732
2010-10-27,2.79,18.765816603231
2010-10-28,2.79,18.956042823233
2010-10-29,2.76,18.865685368732
2010-11-01,2.87,19.136757732235
2010-11-02,2.79,19.179558631736
2010-11-03,2.83,18.932264545733
2010-11-04,2.8,18.851418402232
2010-11-05,2.75,18.523278172728
2010-11-08,2.75,18.466210306727
2010-11-09,2.75,18.314029330725
2010-11-10,2.76,18.418653751726
2010-11-11,2.82,18.537545139228
2010-11-12,2.85,17.976377790221
2010-11-15,2.82,18.071490900222
2010-11-16,2.78,17.990644756721
2010-11-17,2.7,17.92882123522
2010-11-18,2.74,18.047712622722
2010-11-19,2.68,18.109536144223
2010-11-22,2.64,17.92882123522
2010-11-23,2.7,17.586414039216
2010-11-24,2.68,17.966866479221
2010-11-26,2.69,17.643481905217
2010-11-29,2.6,17.624459283217
2010-11-30,2.48,17.358142575213
2010-12-01,2.49,17.691038460218
2010-12-02,2.48,17.92882123522
2010-12-03,2.52,17.714816737718
2010-12-06,2.44,17.458011340715
2010-12-07,2.45,17.672015838217
2010-12-08,2.45,17.767128948218
2010-12-09,2.46,17.591169694716
2010-12-10,2.44,17.88602033572
2010-12-13,2.4,17.515079206715
2010-12-14,2.46,17.695794115718
2010-12-15,2.47,17.743350670718
2010-12-16,2.55,18.001344981596
2010-12-17,2.36,17.686282804717
2010-12-20,2.5,17.686282804717
2010-12-21,2.69,17.386676508214
2010-12-22,2.74,17.282052087213
2010-12-23,2.68,17.244006843212
2010-12-27,2.74,17.315341675713
2010-12-28,2.78,17.224984221212
2010-12-29,2.94,17.310586020213
2010-12-30,2.9,17.244006843212
2010-12-31,2.89,17.234495532212
2011-01-03,2.89,17.396187819214
2011-01-04,2.83,17.591169694716
2011-01-05,2.85,17.847975091719
2011-01-06,2.89,17.838463780719
2011-01-07,2.95,17.833708125219
2011-01-10,2.95,17.434233063214
2011-01-11,3.065,17.676771493717
2011-01-12,3.25,17.985889101221
2011-01-13,3.23,18.128558766223
2011-01-14,3.07,18.176115321224
2011-01-18,3.12,18.404386785226
2011-01-19,3.01,18.142825732723
2011-01-20,2.91,18.152337043723
2011-01-21,2.87,18.161848354723
2011-01-24,2.84,18.218916220724
2011-01-25,2.78,18.147581388223
2011-01-26,2.89,18.860929713232
2011-01-27,2.86,18.518522517228
2011-01-28,2.85,18.171359665723
2011-01-31,2.82,18.252205809224
2011-02-01,2.81,18.309273675225
2011-02-02,2.86,18.765816603231
2011-02-03,2.85,18.418653751726
2011-02-04,2.85,18.447187684727
2011-02-07,2.88,18.252205809224
2011-02-08,2.841,18.447187684727
2011-02-09,2.76,18.159470526973
2011-02-10,2.61,18.237938842724
2011-02-11,2.69,18.2581503786
2011-02-14,2.75,18.337807608226
2011-02-15,2.7,18.542300794728
2011-02-16,2.68,18.73252701473
2011-02-17,2.77,18.68497045973
2011-02-18,2.78,18.68972611523
2011-02-22,2.85,18.314029330725
2011-02-23,2.77,18.081002211222
2011-02-24,2.7,18.442432029227
2011-02-25,2.7,18.551812105728
2011-02-28,2.65,18.537545139228
2011-03-01,2.54,18.33661869435
2011-03-02,2.5,18.561323416728
2011-03-03,2.58,19.017866344734
2011-03-04,2.58,19.360273540738
2011-03-07,2.61,19.52672148324
2011-03-08,2.69,19.617078937741
2011-03-09,2.63,19.807305157744
2011-03-10,2.65,19.489865153115
2011-03-11,2.79,19.417341406739
2011-03-14,2.78,19.384051818238
2011-03-15,2.76,18.922753234733
2011-03-16,2.68,18.946531512233
2011-03-17,2.66,19.170047320736
2011-03-18,2.64,19.093956832735
2011-03-21,2.69,19.146269043235
2011-03-22,2.63,19.231870842236
2011-03-23,2.65,19.650368526242
2011-03-24,2.65,19.992775722246
2011-03-25,2.65,20.011798344246
2011-03-28,2.66,19.845350401744
2011-03-29,2.66,19.997531377746
2011-03-30,2.64,20.216291530749
2011-03-31,2.64,20.197268908748
2011-04-01,2.64,20.287626363249
2011-04-04,2.65,20.35896119575
2011-04-05,2.65,19.897662612245
2011-04-06,2.64,19.845350401744
2011-04-07,2.65,19.735970325243
2011-04-08,2.63,19.617078937741
2011-04-11,2.62,19.607567626741
2011-04-12,2.65,19.564766727241
2011-04-13,2.63,19.664635492742
2011-04-14,2.62,19.902418267745
2011-04-15,2.58,19.831083435244
2011-04-18,2.57,19.174802976236
2011-04-19,2.57,19.322228296738
2011-04-20,2.6,19.393563129238
2011-04-21,2.53,18.575590383228
2011-04-25,2.36,18.642169560229
2011-04-26,2.32,18.794350536231
2011-04-27,2.5499,18.970309789733
2011-04-28,2.55,18.71350439273
2011-04-29,2.6,18.470965962227
2011-05-02,2.6,19.341250918738
2011-05-03,2.61,19.812060813244
2011-05-04,2.63,19.655124181742
2011-05-05,2.63,19.317472641238
2011-05-06,2.61,19.50294320574
2011-05-09,2.58,19.612323282241
2011-05-10,2.65,19.51721017224
2011-05-11,2.6,19.388807473738
2011-05-12,2.6,19.636101559741
2011-05-13,2.63,19.593300660241
2011-05-16,2.52,19.288938708237
2011-05-17,2.5899,19.246137808737
2011-05-18,2.55,19.184314287236
2011-05-19,2.54,19.110601626985
2011-05-20,2.54,19.48867623924
2011-05-23,2.5,19.227115186736
2011-05-24,2.5,19.222359531236
2011-05-25,2.53,19.250893464237
2011-05-26,2.56,19.450630995239
2011-05-27,2.52,19.588545004741
2011-05-31,2.42,19.850106057244
2011-06-01,2.34,19.630870338691
2011-06-02,2.48,19.695547253492
2011-06-03,2.4,19.52196582774
2011-06-06,2.31,19.455386650739
2011-06-07,2.19,19.51245451674
2011-06-08,2.21,19.569522382741
2011-06-09,2.19,19.574278038241
2011-06-10,2.21,19.132002076735
2011-06-13,2.11,19.003599378234
2011-06-14,2.18,18.917997579233
2011-06-15,2.26,18.856174057732
2011-06-16,2.15,18.856174057732
2011-06-17,2.25,18.801484019481
2011-06-20,2.22,19.070178555235
2011-06-21,2.21,18.975065445233
2011-06-22,2.18,19.046400277734
2011-06-23,2.09,19.084445521735
2011-06-24,2.19,18.884707990732
2011-06-27,2.18,19.108223799235
2011-06-28,2.2499,19.474409272739
2011-06-29,2.25,19.683658114742
2011-06-30,2.15,19.693169425742
2011-07-01,2.23,19.949974822745
2011-07-05,2.15,19.769259913743
2011-07-06,2.15,20.092644487747
2011-07-07,2.0,20.30189332975
2011-07-08,1.9,20.183001942248
2011-07-11,1.83,19.626590248741
2011-07-12,1.85,19.759748602743
2011-07-13,1.99,19.788282535743
2011-07-14,1.96,19.626590248741
2011-07-15,1.96,19.49818755024
2011-07-18,1.94,19.407830095739
2011-07-19,1.98,19.828705607494
2011-07-20,1.95,19.873884334744
2011-07-21,1.8,20.439807339251
2011-07-22,1.85,20.549187415753
2011-07-25,1.89,20.278115052249
2011-07-26,1.89,20.049843588247
2011-07-27,1.9,20.435051683751
2011-07-28,1.9,20.530164793752
2011-07-29,1.93,20.144956698248
2011-08-01,1.93,19.745481636243
2011-08-02,1.92,19.222359531236
2011-08-03,1.87,18.894219301732
2011-08-04,1.9,17.800418536719
2011-08-05,1.85,17.957355168221
2011-08-08,1.89,17.510323551215
2011-08-09,1.81,18.138070077223
2011-08-10,1.86,16.806486537207
2011-08-11,1.95,17.534101828716
2011-08-12,1.91,17.800418536719
2011-08-15,1.94,17.724328048718
2011-08-16,1.88,18.475721617727
2011-08-17,1.9,18.285495397725
2011-08-18,1.83,17.731461531968
2011-08-19,1.735,17.691038460218
2011-08-22,1.88,17.995400412221
2011-08-23,1.84,18.566079072228
2011-08-24,1.87,18.142825732723
2011-08-25,1.86,18.100024833223
2011-08-26,1.82,18.418653751726
2011-08-29,1.84,18.922753234733
2011-08-30,1.76,19.070178555235
2011-08-31,1.72,18.967931961983
2011-09-01,1.67,18.818128813731
2011-09-02,1.71,18.461454651227
2011-09-06,1.71,18.375852852226
2011-09-07,1.68,18.927508890233
2011-09-08,1.57,18.789594880731
2011-09-09,1.37,17.983511273471
2011-09-12,1.33,18.061979589222
2011-09-13,1.38,18.171359665723
2011-09-14,1.31,18.72777135923
2011-09-15,1.37,18.937020201233
2011-09-16,1.5,19.217603875736
2011-09-19,1.4,19.046400277734
2011-09-20,1.34,19.422097062239
2011-09-21,1.28,18.865685368732
2011-09-22,1.11,18.233183187224
2011-09-23,1.22,18.275984086725
2011-09-26,1.02,18.808617502731
2011-09-27,1.15,19.046400277734
2011-09-28,1.15,18.632658249229
2011-09-29,1.1499,18.66594783773
2011-09-30,1.18,18.451943340227
2011-10-03,1.1,17.981133445721
2011-10-04,1.0,18.014423034222
2011-10-05,1.01,18.618391282729
2011-10-06,1.05,18.856174057732
2011-10-07,1.05,18.69448177073
2011-10-10,1.12,19.331739607738
2011-10-11,1.12,18.879952335232
2011-10-12,1.14,19.160536009736
2011-10-13,1.14,19.326983952238
2011-10-14,1.1545,19.227115186736
2011-10-17,1.16,18.956042823233
2011-10-18,1.16,19.384051818238
2011-10-19,1.2,19.403074440239
2011-10-20,1.2,19.50294320574
2011-10-21,1.32,19.721703358743
2011-10-24,1.39,19.968997444746
2011-10-25,1.55,19.52672148324
2011-10-26,1.4422,19.731214669743
2011-10-27,1.57,20.026065310746
2011-10-28,1.55,20.34944988475
2011-10-31,1.64,19.812060813244
2011-11-01,1.58,19.52196582774
2011-11-02,1.49,19.51245451674
2011-11-03,1.55,19.464897961739
2011-11-04,1.92,19.365029196238
2011-11-07,1.8,19.53623279424
2011-11-08,1.7,19.602811971241
2011-11-09,1.64,18.960798478733
2011-11-10,1.65,19.098712488235
2011-11-11,1.49,19.53623279424
2011-11-14,1.4,19.241382153237
2011-11-15,1.3,19.341250918738
2011-11-16,1.32,19.108223799235
2011-11-17,1.4,18.837151435732
2011-11-18,1.25,18.965554134233
2011-11-21,1.3,17.244006843212
2011-11-22,1.44,18.432920718227
2011-11-23,1.27,18.851418402232
2011-11-25,1.306,18.68021480423
2011-11-28,1.25,18.927508890233
2011-11-29,1.14,18.67545914873
2011-11-30,1.31,18.951287167733
2011-12-01,1.35,18.865685368732
2011-12-02,1.25,18.73728267023
2011-12-05,1.157,19.093956832735
2011-12-06,1.13,18.927508890233
2011-12-07,1.06,18.746793981231
2011-12-08,1.06,18.418653751726
2011-12-09,1.06,18.551812105728
2011-12-12,1.04,18.551812105728
2011-12-13,1.06,18.352074574726
2011-12-14,1.1,18.432920718227
2011-12-15,1.06,18.304518019725
2011-12-16,1.12,17.672015838217
2011-12-19,1.12,17.819441158719
2011-12-20,1.028,18.147581388223
2011-12-21,1.02,18.475721617727
2011-12-22,0.97,18.404386785226
2011-12-23,1.1,18.68497045973
2011-12-27,1.03,18.965554134233
2011-12-28,1.1,18.970309789733
2011-12-29,1.11,19.288938708237
2011-12-30,1.05,19.464897961739
2012-01-03,1.16,19.907173923245
2012-01-04,1.16,19.983264411246
2012-01-05,1.12,20.221047186249
2012-01-06,1.12,20.34469422925
2012-01-09,1.18,20.32091595175
2012-01-10,1.1,21.043775587759
2012-01-11,1.08,21.11511042026
2012-01-12,1.09,21.352893195263
2012-01-13,1.1,21.348137539763
2012-01-17,1.08,21.999662343271
2012-01-18,1.1,22.594119280778
2012-01-19,1.13,22.451449615776
2012-01-20,1.08,22.560829692277
2012-01-23,1.08,22.527540103777
2012-01-24,1.09,22.670209768779
2012-01-25,1.09,22.965060409782
2012-01-26,1.08,23.107730074784
2012-01-27,1.06,23.169553596285
2012-01-30,1.08,23.136264007785
2012-01-31,1.06,23.236132773286
2012-02-01,1.06,23.374046782787
2012-02-02,1.09,23.450137270788
2012-02-03,1.071,26.01105775757
2012-02-06,1.12,26.643559939078
2012-02-07,1.15,26.191772666572
2012-02-08,1.16,25.808942398817
2012-02-09,1.2,25.552137001814
2012-02-10,1.2,25.561648312814
2012-02-13,1.54,26.108548695321
2012-02-14,1.35,25.944478580569
2012-02-15,1.41,26.070503451321
2012-02-16,1.35,26.065747795821
2012-02-17,1.45,22.351580850275
2012-02-21,1.45,21.253024429761
2012-02-22,1.36,21.17693394176
2012-02-23,1.3829,21.471784582764
2012-02-24,1.41,21.524096793265
2012-02-27,1.39,21.490807204764
2012-02-28,1.34,21.876015300269
2012-02-29,1.28,21.654877319516
2012-03-01,1.31,22.166110285773
2012-03-02,1.35,22.346825194775
2012-03-05,1.36,21.98539537677
2012-03-06,1.27,21.818947434268
2012-03-07,1.26,21.628721214266
2012-03-08,1.3,22.128065041772
2012-03-09,1.3,21.91881619977
2012-03-12,1.26,21.95210578827
2012-03-13,1.27,22.261223395774
2012-03-14,1.3,22.189888563273
2012-03-15,1.33,22.427671338276
2012-03-16,1.39,22.223178151773
2012-03-19,1.37,22.384870438775
2012-03-20,1.43,22.313535606274
2012-03-21,1.43,22.018684965271
2012-03-22,1.42,22.175621596773
2012-03-23,1.44,22.280246017774
2012-03-26,1.43,22.456205271276
2012-03-27,1.53,22.537051414777
2012-03-28,1.5299,22.532295759277
2012-03-29,1.89,22.717766323779
2012-03-30,1.73,23.236132773286
2012-04-02,1.7,23.198087529285
2012-04-03,1.71,22.874702955281
2012-04-04,1.63,22.441938304776
2012-04-05,1.74,22.713010668279
2012-04-09,1.85,22.156598974772
2012-04-10,1.83,21.766635223768
2012-04-11,1.87,21.597809453516
2012-04-12,1.92,21.742856946267
2012-04-13,1.9,21.642988180766
2012-04-16,1.98,21.809436123268
2012-04-17,2.08,22.199399874273
2012-04-18,2.02,22.166110285773
2012-04-19,2.0,24.848299987806
2012-04-20,2.0,24.253843050298
2012-04-23,1.83,24.448824925801
2012-04-24,1.92,24.900612198306
2012-04-25,1.53,25.000480963807
2012-04-26,1.46,25.071815796308
2012-04-27,1.46,24.805499088305
2012-04-30,1.36,24.738919911304
2012-05-01,1.35,24.463091892301
2012-05-02,1.19,24.672340734303
2012-05-03,1.17,24.439313614801
2012-05-04,1.1,23.906680198794
2012-05-07,1.19,23.730720945292
2012-05-08,1.12,23.521472103289
2012-05-09,1.1,24.082639452296
2012-05-10,1.1,24.3727344378
2012-05-11,1.06,24.653318112303
2012-05-14,1.04,24.948168753307
2012-05-15,1.06,24.667585078803
2012-05-16,1.09,24.529671069302
2012-05-17,1.04,23.825834055293
2012-05-18,1.03,23.749743567292
2012-05-21,1.01,24.201530839798
2012-05-22,1.0,24.001793308795
2012-05-23,1.02,23.873390610294
2012-05-24,1.02,24.073128141296
2012-05-25,1.0,24.011304619795
2012-05-29,1.02,24.234820428298
2012-05-30,1.06,24.016060275295
2012-05-31,1.02,23.754499222792
2012-06-01,1.0,23.145775318785
2012-06-04,0.96,23.402580715788
2012-06-05,0.998,23.069684830784
2012-06-06,1.04,23.407336371288
2012-06-07,0.96,23.302711950287
2012-06-08,0.963,23.60707390229
2012-06-11,0.96,23.55951734729
2012-06-12,0.91,23.502449481289
2012-06-13,0.96,23.357401988537
2012-06-14,0.93,23.821078399793
2012-06-15,1.02,23.916191509794
2012-06-18,1.06,23.878146265794
2012-06-19,1.04,24.125440351797
2012-06-20,1.09,24.149218629297
2012-06-21,1.08,23.740232256292
2012-06-22,0.9,24.025571586295
2012-06-25,0.85,23.909058026544
2012-06-26,0.89,23.954236753795
2012-06-27,1.04,24.3727344378
2012-06-28,1.06,23.797300122293
2012-06-29,1.06,24.3870014043
2012-07-02,1.1711,24.555827174552
2012-07-03,1.1609,24.767453844305
2012-07-05,1.18,24.472603203301
2012-07-06,1.21,24.234820428298
2012-07-09,1.2,24.491625825301
2012-07-10,1.19,24.539182380302
2012-07-11,1.115,24.096906418796
2012-07-12,1.13,24.092150763296
2012-07-13,1.06,24.334689193799
2012-07-16,1.01,24.700874667304
2012-07-17,1.01,25.124128006809
2012-07-18,1.078,25.276308982811
2012-07-19,1.04,25.566403968314
2012-07-20,1.01,25.24301939431
2012-07-23,1.1059,24.677096389803
2012-07-24,1.04,24.301399605299
2012-07-25,1.0767,24.344200504799
2012-07-26,1.09,24.577227624302
2012-07-27,1.01,26.393888025325
2012-07-30,1.04,26.446200235825
2012-07-31,1.02,25.837476331818
2012-08-01,1.02,25.504104881264
2012-08-02,1.02,27.245150359835
2012-08-03,1.01,27.045412828833
2012-08-06,1.01,27.411598302337
2012-08-07,1.0,27.368797402837
2012-08-08,0.975,27.021634551332
2012-08-09,1.0,27.059679795333
2012-08-10,1.0,26.997856273832
2012-08-13,1.0,26.931277096831
2012-08-14,0.96,27.378308713837
2012-08-15,0.972,27.568534933839
2012-08-16,1.03,26.958384333182
2012-08-17,0.94,26.988344962832
2012-08-20,1.01,26.86469791983
2012-08-21,1.055,27.021634551332
2012-08-22,0.972,26.85994226433
2012-08-23,0.94,26.655449077828
2012-08-24,0.91,27.245150359835
2012-08-27,0.95,27.197593804834
2012-08-28,0.9383,27.406842646837
2012-08-29,0.9799,27.468666168338
2012-08-30,0.98,27.349774780836
2012-08-31,1.12,27.435376579837
2012-09-04,1.0,27.587557555839
2012-09-05,1.05,27.792050742342
2012-09-06,0.95,28.291394569848
2012-09-07,0.95,28.182014493347
2012-09-10,0.9701,28.372240713349
2012-09-11,1.07,28.205792770847
2012-09-12,1.03,28.415041612849
2012-09-13,0.976,28.650446560102
2012-09-14,0.94,29.494575411363
2012-09-17,1.05,31.292213190385
2012-09-18,1.0,31.75351177389
2012-09-19,1.04,31.962760615893
2012-09-20,1.01,32.014977713284
2012-09-21,1.04,32.224321668396
2012-09-24,1.03,31.938982338393
2012-09-25,1.0001,32.000805859894
2012-09-26,1.05,31.415860233386
2012-09-27,1.03,31.69406608014
2012-09-28,1.03,31.544262931888
2012-10-01,1.02,32.072140692394
2012-10-02,1.06,32.897246921655
2012-10-03,1.08,33.287210672659
2012-10-04,1.08,33.132651868907
2012-10-05,1.074,33.018516136906
2012-10-08,1.05,33.199231045908
2012-10-09,1.0,32.709398529402
2012-10-10,1.0,32.162498146896
2012-10-11,1.01,32.276633878897
2012-10-12,0.9957,32.309923467397
2012-10-15,0.984,32.015072826394
2012-10-16,0.895,32.5191723094
2012-10-17,0.9,33.080339658407
2012-10-18,0.908,32.476371409899
2012-10-19,0.87,31.667909974889
2012-10-22,0.8,31.568041209388
2012-10-23,0.8128,30.86895985088
2012-10-24,0.802,32.5001496874
2012-10-25,0.85,32.043606759394
2012-10-26,0.88,31.896181438892
2012-10-31,0.91,31.946115821643
2012-11-01,0.7983,32.100674625395
2012-11-02,0.8,31.867647505892
2012-11-05,0.8,31.881914472392
2012-11-06,0.7401,32.086407658895
2012-11-07,0.6967,31.125765247883
2012-11-08,0.7,30.840425917879
2012-11-09,0.69,30.91651640588
2012-11-12,0.839,35.157609980832
2012-11-13,0.8,34.568859829925
2012-11-14,0.85,34.378633609923
2012-11-15,0.83,34.663972939926
2012-11-16,0.79,35.382076920435
2012-11-19,0.9,35.581814451438
2012-11-20,0.85,36.052624345943
2012-11-21,0.866,35.928977302942
2012-11-23,0.9,36.200049666445
2012-11-26,0.84,35.890932058941
2012-11-27,0.7999,35.500968307937
2012-11-28,0.7,35.610348384438
2012-11-29,0.79,35.81008591544
2012-11-30,0.74,35.667416250439
2012-12-03,0.84,35.482231025266
2012-12-04,0.75,35.267465622884
2012-12-05,0.7,35.448846323656
2012-12-06,0.68,35.101493245932
2012-12-07,0.7,35.151427628682
2012-12-10,0.68,35.310742087934
2012-12-11,0.68,36.304674087446
2012-12-12,0.92,36.252361876946
2012-12-13,0.72,35.558036173937
2012-12-14,0.82,35.305986432434
2012-12-17,0.87,35.886176403441
2012-12-18,0.77,36.071694524499
2012-12-19,0.92,35.548524862937
2012-12-20,0.8,35.030158413431
2012-12-21,0.83,34.611660729426
2012-12-24,0.8301,34.554592863425
2012-12-26,0.87,34.468991064424
2012-12-27,0.82,34.526058930425
2012-12-28,0.806,34.420578491433
2012-12-31,0.89,34.93028964793
2013-01-02,0.795,35.695950183439
2013-01-03,0.83,35.643637972938
2013-01-04,0.821,36.011963491418
2013-01-07,0.85,36.56147948445
2013-01-08,0.83,36.808773570453
2013-01-09,0.8,37.032289378955
2013-01-10,0.8,37.065578967456
2013-01-11,0.8,37.132158144457
2013-01-14,0.79,36.984732823955
2013-01-15,0.79,36.789750948452
2013-01-16,0.78,36.699393493951
2013-01-17,0.7512,36.870597091953
2013-01-18,0.74,37.227271254458
2013-01-22,0.75,37.051312000956
2013-01-23,0.74,36.542456862449
2013-01-24,0.698,37.284339120458
2013-01-25,0.698,37.740882048464
2013-01-28,0.7,37.512610584461
2013-01-29,0.7004,37.950130890467
2013-01-30,0.72,37.902574335466
2013-01-31,0.72,37.522121895461
2013-02-01,0.77,38.577877416474
2013-02-04,0.696,37.655280249463
2013-02-05,0.675,38.558854794474
2013-02-06,0.69,37.959642201467
2013-02-07,0.663,38.387651196472
2013-02-08,0.7,38.901261990478
2013-02-11,0.7,38.425696440473
2013-02-12,0.6796,38.834682813478
2013-02-13,0.696,39.376827540484
2013-02-14,0.68,39.567053760487
2013-02-15,0.66,39.567053760487
2013-02-19,0.67,40.213822908495
2013-02-20,0.72,39.83337046849
2013-02-21,0.74,39.509985894486
2013-02-22,0.726,40.375515195497
2013-02-25,0.7101,40.033107999492
2013-02-26,0.7198,40.185288975494
2013-02-27,0.7,40.794012879502
2013-02-28,0.72,40.6323205925
2013-03-01,0.73,41.326646295508
2013-03-04,0.7,41.726121357513
2013-03-05,0.7,42.819922122527
2013-03-06,0.6902,43.181351940531
2013-03-07,0.69,42.753342945526
2013-03-08,0.67,43.209885873531
2013-03-11,0.67,43.694962734537
2013-03-12,0.67,43.92323419854
2013-03-13,0.62,43.628383557537
2013-03-14,0.586,43.637894868537
2013-03-15,0.65,42.962591787528
2013-03-18,0.58,42.610673280524
2013-03-19,0.55,42.211198218519
2013-03-20,0.5901,42.344356572521
2013-03-21,0.53,42.363379194521
2013-03-22,0.525,43.285976361532
2013-03-25,0.52,42.781876878526
2013-03-26,0.494,43.523759136535
2013-03-27,0.49,45.387976092558
2013-03-28,0.5,46.548356034572
2013-04-01,0.47,45.635270178561
2013-04-02,0.5235,45.844519020564
2013-04-03,0.51,45.302374293557
2013-04-04,0.55,45.406998714558
2013-04-05,0.575,45.055080207554
2013-04-08,0.63,44.893387920552
2013-04-09,0.57,45.939632130565
2013-04-10,0.6,47.299749603582
2013-04-11,0.6,49.125921315604
2013-04-12,0.57,49.392238023607
2013-04-15,0.46,48.203324148593
2013-04-16,0.55,49.468328511608
2013-04-17,0.54,49.401749334608
2013-04-18,0.58,48.374527746595
2013-04-19,0.5801,50.571640587622
2013-04-22,0.6126,51.408635955632
2013-04-23,0.6477,50.723821563624
2013-04-24,0.65,48.098699727591
2013-04-25,0.69,48.916672473602
2013-04-26,0.72,48.869115918601
2013-04-29,0.73,48.593287899598
2013-04-30,0.79,48.165278904592
2013-05-01,0.7,47.689713354586
2013-05-02,0.545,49.63002079861
2013-05-03,0.57,52.454880165645
2013-05-06,0.649,51.770065773637
2013-05-07,0.57,50.533595343621
2013-05-08,0.6,49.820247018613
2013-05-09,0.65,50.210210769617
2013-05-10,0.715,50.295812568619
2013-05-13,0.755,51.808111017637
2013-05-14,0.8,53.501124375658
2013-05-15,0.8,53.605748796659
2013-05-16,0.67,52.274165256643
2013-05-17,0.7,53.548680930658
2013-05-20,0.68,53.016047514652
2013-05-21,0.69,53.71037321766
2013-05-22,0.69,53.196762423654
2013-05-23,0.695,52.768753428649
2013-05-24,0.68,53.082626691653
2013-05-28,0.7152,53.434545198657
2013-05-29,0.76,52.911423093651
2013-05-30,0.76,53.073115380653
2013-05-31,0.701,51.817622328637
2013-06-03,0.75,50.524084032621
2013-06-04,0.74,49.763179152612
2013-06-05,0.7016,47.670690732586
2013-06-06,0.74,48.840581985601
2013-06-07,0.69,50.307226141819
2013-06-10,0.74,49.877314884613
2013-06-11,0.73,49.877314884613
2013-06-12,0.74,48.669378387598
2013-06-13,0.73,49.411260645608
2013-06-14,0.73,49.677577353611
2013-06-17,0.7313,48.536220033597
2013-06-18,0.74,49.401749334608
2013-06-19,0.68,48.127233660592
2013-06-20,0.68,46.938319785577
2013-06-21,0.71,46.443731613571
2013-06-24,0.675,46.538844723572
2013-06-25,0.645,47.347306158582
2013-06-26,0.67,48.8025367416
2013-06-27,0.714,48.512441756097
2013-06-28,0.655,48.7644914976
2013-07-01,0.7,49.130676971104
2013-07-02,0.7225,49.677577353611
2013-07-03,0.72,49.439794578608
2013-07-05,0.72,50.714310252624
2013-07-08,0.71,50.714310252624
2013-07-09,0.75,51.722509218636
2013-07-10,0.7699,52.626083763647
2013-07-11,0.7879,53.120671935653
2013-07-12,0.83,54.536906143571
2013-07-15,0.81,54.842219226674
2013-07-16,0.78,54.347631054668
2013-07-17,0.76,54.927821025675
2013-07-18,0.8,55.374852642681
2013-07-19,0.8,57.162979110703
2013-07-22,0.82,56.792037981698
2013-07-23,0.79,56.230870632691
2013-07-24,0.83,56.9537302687
2013-07-25,0.86,57.885838746712
2013-07-26,1.0,59.512272927732
2013-07-29,1.38,58.989150822725
2013-07-30,1.4,58.713322803722
2013-07-31,1.32,58.399449540718
2013-08-01,1.33,58.970128200725
2013-08-02,1.545,58.732345425722
2013-08-05,1.5,57.971440545713
2013-08-06,1.49,57.048843378702
2013-08-07,1.49,57.277114842704
2013-08-08,1.49,56.402074230694
2013-08-09,1.48,56.316472431693
2013-08-12,1.45,56.021621790689
2013-08-13,1.47,56.050155723689
2013-08-14,1.5,55.32729608768
2013-08-15,1.5,54.109848279665
2013-08-16,1.5,54.128870901666
2013-08-19,1.63,54.537857274671
2013-08-20,1.62,55.165603800678
2013-08-21,1.69,55.821884259686
2013-08-22,1.9,57.001286823701
2013-08-23,1.98,56.725458804698
2013-08-26,2.06,57.467341062707
2013-08-27,1.98,55.869440814687
2013-08-28,2.24,57.486363684707
2013-08-29,2.21,57.952417923713
2013-08-30,2.22,57.324671397705
2013-09-03,2.2,57.942906612713
2013-09-04,2.2,58.123621521715
2013-09-05,2.2,58.085576277714
2013-09-06,2.21,58.133132832715
2013-09-09,2.29,59.597874726733
2013-09-10,2.25,59.788100946735
2013-09-11,2.12,59.854680123736
2013-09-12,1.74,60.097218554239
2013-09-13,1.73,60.425358783743
2013-09-16,1.62,59.940281922737
2013-09-17,1.83,59.626408659733
2013-09-18,1.75,61.138707108752
2013-09-19,1.85,61.176752352752
2013-09-20,1.71,60.739232046747
2013-09-23,1.55,59.521784238732
2013-09-24,1.64,59.673965214734
2013-09-25,1.79,58.713322803722
2013-09-26,1.78,59.731033080735
2013-09-27,1.75,60.434870094743
2013-09-30,1.74,59.797612257735
2013-10-01,1.8,59.731033080735
2013-10-02,1.97,59.35058064073
2013-10-03,2.45,58.694300181722
2013-10-04,2.86,59.959304544737
2013-10-07,2.84,58.751368047722
2013-10-08,2.54,56.478164718695
2013-10-09,2.49,56.021621790689
2013-10-10,2.38,59.673965214734
2013-10-11,2.27,59.626408659733
2013-10-14,2.15,60.748743357747
2013-10-15,2.23,60.491937960744
2013-10-16,2.57,62.441756715768
2013-10-17,2.57,64.068190896788
2013-10-18,2.47,64.876652331798
2013-10-21,2.22,63.716272389784
2013-10-22,2.28,64.762516599796
2013-10-23,2.31,65.637557211807
2013-10-24,2.39,66.417484713817
2013-10-25,2.33,66.274815048815
2013-10-28,2.31,65.372191634904
2013-10-29,2.26,66.103611450813
2013-10-30,2.14,69.11869703785
2013-10-31,1.84,67.696756043332
2013-11-01,1.85,67.50177416783
2013-11-04,1.88,65.951430474811
2013-11-05,1.82,66.141656694813
2013-11-06,1.7,64.072946552288
2013-11-07,1.72,62.422734093768
2013-11-08,1.77,64.077702207788
2013-11-11,1.85,64.21086056179
2013-11-12,1.8,64.305973671791
2013-11-13,1.86,65.152480350801
2013-11-14,1.79,65.609023278807
2013-11-15,2.07,66.474552579817
2013-11-18,1.96,65.599511967807
2013-11-19,1.87,66.255792426815
2013-11-20,1.88,67.606398588831
2013-11-21,1.84,68.129520693838
2013-11-22,1.93,70.640506797869
2013-11-25,2.21,70.954380060873
2013-11-26,2.17,70.73561990787
2013-11-27,2.15,70.982913993873
2013-11-29,2.25,71.154117591875
2013-12-02,2.16,70.878289572872
2013-12-03,2.01,68.880914262847
2013-12-04,2.45,68.928470817848
2013-12-05,2.6,69.613285209856
2013-12-06,2.49,70.374190089865
2013-12-09,2.48,71.515547409879
2013-12-10,2.56,69.251855391852
2013-12-11,2.73,67.159366971826
2013-12-12,3.27,66.835982397822
2013-12-13,3.09,67.910760540835
2013-12-16,3.04,67.929783162835
2013-12-17,3.5,66.65526748882
2013-12-18,3.44,69.993737649861
2013-12-19,3.4,69.841556673859
2013-12-20,3.11,71.011447926873
2013-12-23,3.14,71.325321189877
2013-12-24,3.39,71.296787256877
2013-12-26,3.73,71.52505872088
2013-12-27,3.68,70.811710395871
2013-12-30,4.2,71.410922988878
2013-12-31,4.63,71.429945610878
2014-01-02,4.75,71.53457003188
2014-01-03,4.99,70.688063352869
2014-01-06,5.04,69.660841764857
2014-01-07,5.3,69.223321458851
2014-01-08,4.77,69.870090606859
2014-01-09,4.63,70.669040730869
2014-01-10,4.46,71.211185457876
2014-01-13,5.03,69.565728654855
2014-01-14,4.83,71.325321189877
2014-01-15,4.4,71.55359265388
2014-01-16,4.44,74.093112690911
2014-01-17,4.35,74.568678240917
2014-01-21,4.14,77.593275138954
2014-01-22,4.4,78.163953798961
2014-01-23,4.14,78.135419865961
2014-01-24,4.02,76.680189282943
2014-01-27,3.71,75.006198546922
2014-01-28,3.98,76.727745837944
2014-01-29,4.03,75.947818335934
2014-01-30,4.12,77.536207272953
2014-01-31,4.64,76.708723215943
2014-02-03,4.48,74.977664613922
2014-02-04,4.2,78.011772822959
2014-02-05,4.56,74.330895465914
2014-02-06,4.84,72.761529150895
2014-02-07,5.14,74.901574125921
2014-02-10,4.93,77.022596478947
2014-02-11,4.88,77.802523980957
2014-02-12,4.44,77.992750200959
2014-02-13,4.4,78.515872305966
2014-02-14,4.4,77.24135663195
2014-02-18,4.78,79.71429749198
2014-02-19,4.84,78.658541970967
2014-02-20,5.2,78.763166391969
2014-02-21,6.0,78.553917549966
2014-02-24,6.18,79.486026027977
2014-02-25,6.19,79.847455845982
2014-02-26,6.34,79.71429749198
2014-02-27,6.21,79.562116515978
2014-02-28,5.79,78.744143769968
2014-03-03,5.65,77.469628095953
2014-03-04,5.79,78.88690854808
2014-03-05,5.79,78.820234257969
2014-03-06,5.63,76.014397512935
2014-03-07,5.78,75.691012938931
2014-03-10,5.82,76.309248153938
2014-03-11,5.76,75.938307024934
2014-03-12,5.9101,75.824171292932
2014-03-13,5.61,74.197737111912
2014-03-14,5.7,71.382389055878
2014-03-17,6.06,71.762841495882
2014-03-18,6.59,73.96946564791
2014-03-19,6.59,72.799574394895
2014-03-20,6.48,71.834176328383
2014-03-21,6.08,68.548018377843
2014-03-24,4.79,68.605086243844
2014-03-25,4.52,69.461104233854
2014-03-26,4.19,69.223321458851
2014-03-27,3.88,67.920271851835
2014-03-28,4.57,65.200036905802
2014-03-31,4.08,67.397149746829
2014-04-01,4.41,70.041294204861
2014-04-02,4.33,70.345656156865
2014-04-03,4.02,70.383701400866
2014-04-04,3.71,68.671665420844
2014-04-07,3.62,68.700199353845
2014-04-08,3.77,66.588688311819
2014-04-09,3.84,67.197412215826
2014-04-10,3.61,62.280064428766
2014-04-11,3.28,62.803186533772
2014-04-14,2.83,63.526046169781
2014-04-15,2.6601,64.838607087797
2014-04-16,2.94,65.89436260881
2014-04-17,2.77,66.579177000819
2014-04-21,2.84,68.100986760837
2014-04-22,3.32,69.299411946852
2014-04-23,3.31,70.250543046864
2014-04-24,3.29,70.459791888866
2014-04-25,2.98,70.288588290864
2014-04-28,2.83,70.459791888866
2014-04-29,2.9,72.514235064892
2014-04-30,2.84,74.654280039918
2014-05-01,2.98,75.158379522924
2014-05-02,2.9,73.912397781909
2014-05-05,2.83,75.928795713934
2014-05-06,2.7,74.492587752916
2014-05-07,2.49,74.920596747921
2014-05-08,2.44,74.882551503921
2014-05-09,2.47,75.862216536933
2014-05-12,2.54,76.42338388594
2014-05-13,2.82,76.375827330939
2014-05-14,2.64,77.013085167947
2014-05-15,2.71,76.185601110937
2014-05-16,2.59,76.851392880945
2014-05-19,2.67,78.04030675596
2014-05-20,2.58,77.174777454949
2014-05-21,2.44,77.812035291957
2014-05-22,2.56,78.84876819097
2014-05-23,2.53,76.984551234947
2014-05-27,2.62,78.144931176961
2014-05-28,2.94,77.859591846957
2014-05-29,3.1,78.06884068896
2014-05-30,2.9,77.24135663195
2014-06-02,2.9,77.564741205954
2014-06-03,2.84,78.515872305966
2014-06-04,2.72,78.962903922971
2014-06-05,3.07,78.753655080968
2014-06-06,3.05,78.363691329964
2014-06-09,3.25,75.144112556424
2014-06-10,3.47,75.65296769493
2014-06-11,3.33,76.870415502945
2014-06-12,3.24,76.642144038942
2014-06-13,3.08,76.775302392944
2014-06-16,3.045,76.822858947945
2014-06-17,3.21,75.890750469933
2014-06-18,3.14,75.58638851793
2014-06-19,3.03,75.881239158933
2014-06-20,3.08,77.23184532095
2014-06-23,3.04,76.851392880945
2014-06-24,3.02,76.860904191945
2014-06-25,3.06,77.802523980957
2014-06-26,3.16,78.163953798961
2014-06-27,3.05,78.88681343497
2014-06-30,2.9,78.85827950197
2014-07-01,2.83,81.121971519998
2014-07-02,2.86,82.843518811019
2014-07-03,2.93,83.604423691028
2014-07-07,2.79,82.94814323202
2014-07-08,2.66,82.853030122019
2014-07-09,2.67,84.346305949037
2014-07-10,2.62,84.59360003504
2014-07-11,2.85,84.393862504038
2014-07-14,2.88,85.459129336051
2014-07-15,2.66,84.650667901041
2014-07-16,2.64,82.748405701018
2014-07-17,2.54,80.912722677995
2014-07-18,2.75,84.831287696933
2014-07-21,2.66,84.517509547039
2014-07-22,2.73,84.964541164045
2014-07-23,2.76,85.925183575057
2014-07-24,2.745,86.115409795059
2014-07-25,2.64,85.449618025051
2014-07-28,2.56,86.99045040707
2014-07-29,2.64,88.445680990088
2014-07-30,2.64,89.206585870097
2014-07-31,2.53,87.076052206071
2014-08-01,2.435,87.02849565107
2014-08-04,2.53,87.675264799078
2014-08-05,2.62,87.760866598079
2014-08-06,2.54,88.255454770085
2014-08-07,2.59,87.551617756077
2014-08-08,2.75,87.932070196081
2014-08-11,2.87,88.379101813087
2014-08-12,2.74,88.797599497092
2014-08-13,2.795,89.387300779099
2014-08-14,2.72,91.650992797127
2014-08-15,2.64,94.628033140164
2014-08-18,2.53,95.797924393178
2014-08-19,2.56,96.330557809185
2014-08-20,2.57,95.864503570179
2014-08-21,2.69,97.272177598196
2014-08-22,2.64,98.879589157216
2014-08-25,2.65,102.19903669626
2014-08-26,2.9,101.07670199824
2014-08-27,2.88,102.16099145226
2014-08-28,2.92,102.25610456226
2014-08-29,2.89,102.30366111726
2014-09-02,2.7,104.01569709728
2014-09-03,2.61,104.08227627428
2014-09-04,2.59,101.63786934725
2014-09-05,2.69,100.21117269723
2014-09-08,2.76,101.32399608425
2014-09-09,2.64,100.71527218024
2014-09-10,2.67,102.93140764327
2014-09-11,2.73,101.19083773024
2014-09-12,2.64,98.594249827212
2014-09-15,2.58,96.054729790181
2014-09-16,2.55,99.640494037225
2014-09-17,2.57,98.765453425215
2014-09-18,2.54,100.75331742424
2014-09-19,2.46,100.78185135724
2014-09-22,2.4,100.31579711823
2014-09-23,2.4,100.23970663023
2014-09-24,2.49,103.39746188227
2014-09-25,2.4,102.09441227526
2014-09-26,2.38,103.08358861927
2014-09-29,2.37,102.25610456226
2014-09-30,2.29,101.24790559625
2014-10-01,2.16,100.42993285024
2014-10-02,2.11,99.450267817223
2014-10-03,2.19,101.31448477325
2014-10-06,2.1,99.99241254423
2014-10-07,1.98,99.19346242022
2014-10-08,2.14,103.54964285827
2014-10-09,2.01,100.67722693624
2014-10-10,1.96,98.660829004213
2014-10-13,2.06,96.482738785186
2014-10-14,2.16,92.430920299137
2014-10-15,2.2,91.460766577125
2014-10-16,2.35,92.145580969133
2014-10-17,2.32,95.826458326178
2014-10-20,2.3,97.215109732195
2014-10-21,2.38,101.45715443825
2014-10-22,2.45,100.90549840024
2014-10-23,2.49,101.94223129925
2014-10-24,2.46,105.29972408229
2014-10-27,2.51,107.08785055032
2014-10-28,2.62,107.90582329633
2014-10-29,2.61,105.3092353933
2014-10-30,2.62,108.63819424334
2014-10-31,2.55,106.52668320131
2014-11-03,2.49,104.60539837929
2014-11-04,2.44,104.35810429328
2014-11-05,2.35,100.86745315624
2014-11-06,2.49,101.71395983525
2014-11-07,2.43,101.24790559625
2014-11-10,2.53,101.79005032325
2014-11-11,2.58,102.73167011226
2014-11-12,2.56,101.67591459125
2014-11-13,2.45,99.107860621219
2014-11-14,2.45,97.072440067194
2014-11-17,2.38,95.531607685175
2014-11-18,2.48,98.641806382213
2014-11-19,2.55,97.338756775197
2014-11-20,2.5,95.674277350177
2014-11-21,2.51,95.664766039176
2014-11-24,2.59,95.683788661177
2014-11-25,2.8,96.168865522183
2014-11-26,3.0,95.398449331173
2014-11-28,3.11,95.417471953173
2014-12-01,3.12,95.636232106176
2014-12-02,3.58,97.196087110195
2014-12-03,4.07,95.95010536918
2014-12-04,4.06,96.844168603191
2014-12-05,4.04,99.478801750223
2014-12-08,4.41,100.40139891723
2014-12-09,4.16,100.72953914674
2014-12-10,3.97,99.716584525226
2014-12-11,3.87,99.21248504222
2014-12-12,3.84,99.041281444218
2014-12-15,3.46,98.118684277207
2014-12-16,3.59,95.550630307175
2014-12-17,3.89,97.395824641198
2014-12-18,4.17,100.38237629523
2014-12-19,4.12,103.15016779627
2014-12-22,4.05,88.360079191087
2014-12-23,3.87,85.078676896046
2014-12-24,3.89,86.828758120068
2014-12-26,3.99,89.206585870097
2014-12-29,4.5,92.545056031138
2014-12-30,4.365,90.619015553614
2014-12-31,4.41,89.653617487102
2015-01-02,4.9,90.27185270211
2015-01-05,4.91,92.055223514632
2015-01-06,4.69,92.877951916142
2015-01-07,4.745,94.618521829164
2015-01-08,4.96,97.300711531197
2015-01-09,4.97,97.215109732195
2015-01-12,5.37,96.263978632184
2015-01-13,5.14,92.459454232137
2015-01-14,5.29,94.409272987161
2015-01-15,4.82,92.640169141139
2015-01-16,4.69,95.788413082178
2015-01-20,4.74,98.708385559214
2015-01-21,4.55,98.518159339212
2015-01-22,4.6,100.00192385523
2015-01-23,4.51,100.38237629523
2015-01-26,4.67,101.87565212225
2015-01-27,4.81,99.897299434228
2015-01-28,4.59,97.443381196198
2015-01-29,4.7,99.088837999219
2015-01-30,4.52,99.707073214226
2015-02-02,4.21,101.00061151024
2015-02-03,4.09,101.94223129925
2015-02-04,4.2,93.619834174151
2015-02-05,4.23,95.017996891168
2015-02-06,4.02,92.71625962914
2015-02-09,4.05,92.164603591133
2015-02-10,4.01,93.51520975315
2015-02-11,4.26,95.094087379169
2015-02-12,4.24,95.874014881179
2015-02-13,4.1,96.920259091192
2015-02-17,4.39,98.765453425215
2015-02-18,4.53,98.860566535216
2015-02-19,4.5,97.709697904202
2015-02-20,4.66,97.5955621722
2015-02-23,4.83,99.402711262222
2015-02-24,4.78,99.583426171225
2015-02-25,4.89,99.326620774221
2015-02-26,5.14,99.098349310219
2015-02-27,4.87,98.470602784211
2015-03-02,4.84,98.755942114214
2015-03-03,4.63,97.766765770202
2015-03-04,4.75,98.023571167205
2015-03-05,4.89,98.36122270771
2015-03-06,4.68,96.834657292191
2015-03-09,4.74,96.416159608186
2015-03-10,4.67,94.000286614156
2015-03-11,4.45,94.133444968158
2015-03-12,4.24,95.046530824169
2015-03-13,4.15,94.742168872165
2015-03-16,4.355,96.349580431185
2015-03-17,4.48,95.531607685175
2015-03-18,4.43,95.379426709173
2015-03-19,4.43,96.482738785186
2015-03-20,4.18,97.291200220196
2015-03-23,3.97,95.360404087173
2015-03-24,3.98,96.454204852186
2015-03-25,3.51,94.979951647168
2015-03-26,3.49,96.135575933682
2015-03-27,3.425,96.064241101181
2015-03-30,3.57,95.769390460178
2015-03-31,3.71,93.334494844148
2015-04-01,3.52,92.944531093143
2015-04-02,3.55,93.619834174151
2015-04-06,3.47,93.011110270144
2015-04-07,3.64,93.867128260154
2015-04-08,3.735,94.989462958168
2015-04-09,3.71,96.216422077183
2015-04-10,3.79,96.79661204819
2015-04-13,3.86,97.281688909196
2015-04-14,3.68,97.215109732195
2015-04-15,3.7,98.946168334217
2015-04-16,3.59,98.289887875209
2015-04-17,3.45,96.425670919186
2015-04-20,3.56,95.736100871677
2015-04-21,3.38,100.05899172123
2015-04-22,3.36,99.088837999219
2015-04-23,3.44,100.06374737673
2015-04-24,3.32,98.627539415713
2015-04-27,3.05,97.909435435204
2015-04-28,3.01,98.651317693213
2015-04-29,2.87,97.319734153197
2015-04-30,2.81,95.598186862176
2015-05-01,2.91,99.878276812228
2015-05-04,2.8,100.49651202724
2015-05-05,2.73,97.956991990205
2015-05-06,2.81,97.272177598196
2015-05-07,2.75,96.815634670191
2015-05-08,2.77,98.774964736215
2015-05-11,3.05,99.611960104225
2015-05-12,3.02,100.40139891723
2015-05-13,2.8,101.19083773024
2015-05-14,2.945,103.42599581527
2015-05-15,2.99,103.95862923128
2015-05-18,3.36,105.5755521013
2015-05-19,3.12,105.15705441729
2015-05-20,3.13,104.78611328829
2015-05-21,3.04,105.7848009433
2015-05-22,3.13,106.25085518231
2015-05-26,3.13,104.40566084828
2015-05-27,3.49,106.96420350732
2015-05-28,3.6,107.33514463632
2015-05-29,3.84,106.78348859831
2015-06-01,3.58,108.50503588933
2015-06-02,3.61,108.37187753533
2015-06-03,3.52,109.04718061634
2015-06-04,3.49,108.36236622433
2015-06-05,3.59,108.39090015733
2015-06-08,3.59,108.14360607133
2015-06-09,3.45,109.14229372634
2015-06-10,3.43,111.91959653838
2015-06-11,3.59,113.30824794439
2015-06-12,3.57,112.31907160038
2015-06-15,3.72,112.79637515129
2015-06-16,3.58,113.66506761395
2015-06-17,3.71,113.4836922646
2015-06-18,3.8,115.70792681185
2015-06-19,3.72,114.36193079828
2015-06-22,3.76,115.97521680036
2015-06-23,3.6,116.66253391367
2015-06-24,3.51,116.47161249331
2015-06-25,3.36,114.77241185206
2015-06-26,3.56,114.07554866773
2015-06-29,3.44,110.21416294086
2015-06-30,3.71,111.76539948132
2015-07-01,3.66,110.74396988237
2015-07-02,3.65,109.81800099361
2015-07-06,3.72,110.40985739674
2015-07-07,3.73,109.90391563277
2015-07-08,3.43,107.81332607978
2015-07-09,3.44,108.21426106255
2015-07-10,3.49,108.57701176124
2015-07-13,3.55,109.35024351371
2015-07-14,3.5,112.03268946983
2015-07-15,3.51,112.06132768289
2015-07-16,3.55,113.45505405155
2015-07-17,3.45,112.89183586147
2015-07-20,3.49,112.83455943537
2015-07-21,3.63,112.4336244526
2015-07-22,3.75,112.10905803798
2015-07-23,3.95,112.31907160038
2015-07-24,3.76,107.70831929858
2015-07-27,3.59,105.52226903541
2015-07-28,3.61,107.93742500302
2015-07-29,3.44,110.45758775183
2015-07-30,3.45,112.54817730482
2015-07-31,3.58,112.50999302075
2015-08-03,3.51,114.17100937792
2015-08-04,3.49,113.47414619359
2015-08-05,3.32,113.2736787022
2015-08-06,3.05,110.06619884008
2015-08-07,2.805,109.24523673251
2015-08-10,2.77,111.28809593041
2015-08-11,2.71,110.36212704165
2015-08-12,2.74,110.97307558681
2015-08-13,2.69,109.9707381299
2015-08-14,2.65,110.35258097063
2015-08-17,2.78,111.13535879412
2015-08-18,2.62,111.74630733929
2015-08-19,2.55,110.93489130274
2015-08-20,2.43,107.28829217378
2015-08-21,2.54,100.54876603492
2015-08-24,2.54,96.085977833897
2015-08-25,2.69,97.904504362868
2015-08-26,2.83,102.10477561089
2015-08-27,2.89,103.08802092576
2015-08-28,2.92,102.88755343438
2015-08-31,3.02,100.30056818844
2015-09-01,2.79,96.883074763919
2015-09-02,2.96,99.536882506984
2015-09-03,2.9,97.284009746684
2015-09-04,2.8,97.427200811957
2015-09-08,3.02,100.13828498113
2015-09-09,2.98,99.107309311164
2015-09-10,3.08,102.38161167041
2015-09-11,3.34,104.65357657275
2015-09-14,3.43,104.79676763802
2015-09-15,3.57,106.42598121813
2015-09-16,3.22,106.40681399954
2015-09-17,3.48,106.96266333864
2015-09-18,3.78,103.9246591922
2015-09-21,3.43,101.33708468262
2015-09-22,3.79,102.07502259832
2015-09-23,3.84,101.09749445025
2015-09-24,3.85,98.241578880419
2015-09-25,3.55,95.970263477564
2015-09-28,3.35,90.852616114171
2015-09-29,3.3,92.002649229541
2015-09-30,3.345,93.861869432721
2015-10-01,3.06,94.178128539447
2015-10-02,3.02,94.187712148742
2015-10-05,2.82,95.126905859627
2015-10-06,2.79,93.478525060931
2015-10-07,2.95,96.094850398396
2015-10-08,2.93,96.612365300312
2015-10-09,3.03,96.459027551596
2015-10-12,3.065,95.366496091996
2015-10-13,2.87,94.101459665089
2015-10-14,2.84,94.293131850984
2015-10-15,3.23,97.407804871776
2015-10-16,3.12,98.548254377851
2015-10-19,3.16,99.295775902841
2015-10-20,3.04,97.426972090366
2015-10-21,3.13,97.494057355429
2015-10-22,3.01,103.11963601144
2015-10-23,2.9,103.49339677394
2015-10-26,2.8,104.1067477688
2015-10-27,2.8,106.33972873448
2015-10-28,2.86,103.62756730406
2015-10-29,2.77,104.6625971079
2015-10-30,2.76,103.62756730406
2015-11-02,3.11,105.03635787039
2015-11-03,3.07,104.55717740565
2015-11-04,3.29,104.44217409412
2015-11-05,3.18,103.34005902522
2015-11-06,3.36,103.82882309925
2015-11-09,3.56,103.60840008548
2015-11-10,3.59,104.31758717329
2015-11-11,3.52,102.72670803036
2015-11-12,3.41,99.889959679115
2015-11-13,3.48,98.299080536187
2015-11-16,3.42,99.487448088735
2015-11-17,3.23,100.17746795796
2015-11-18,3.26,103.62756730406
2015-11-19,3.2,102.07502259832
2015-11-20,3.19,102.1037734262
2015-11-23,3.43,101.9312684589
2015-11-24,3.52,102.13252425408
2015-11-25,3.47,103.29214097875
2015-11-27,3.68,103.50298038323
2015-11-30,3.88,101.54792408711
2015-12-01,3.83,101.44250438486
2015-12-02,3.89,100.0912154743
2015-12-03,3.66,97.158631030113
2015-12-04,3.8,99.736621930399
2015-12-07,4.32,98.624923252209
2015-12-08,4.28,99.219107028483
2015-12-09,4.09,97.704896759913
2015-12-10,3.98,98.346998582661
2015-12-11,3.67,95.864843775322
2015-12-14,3.4,96.717785002555
2015-12-15,3.39,98.142228447711
2015-12-16,3.28,99.460801096268
2015-12-17,3.34,98.517588544746
2015-12-18,3.33,97.786117586422
2015-12-21,3.29,98.777453227308
2015-12-22,3.3,98.99881943838
2015-12-23,3.24,99.268308738815
2015-12-24,3.24,99.691791925212
2015-12-28,3.12,97.863114529403
2015-12-29,3.26,99.480050332013
2015-12-30,3.13,98.325096187292
2015-12-31,3.09,97.391508253642
2016-01-04,3.0,94.33087977013
2016-01-05,2.88,95.533957004215
2016-01-06,2.88,96.534917262974
2016-01-07,2.63,92.636947024538
2016-01-08,2.52,92.829439381992
2016-01-11,2.22,92.877562471355
2016-01-12,2.1,93.455039543716
2016-01-13,2.1,89.066213793774
2016-01-14,2.17,89.528195451663
2016-01-15,1.98,88.392490542687
2016-01-19,1.79,86.525314675387
2016-01-20,1.92,87.150914837111
2016-01-21,1.88,85.533979034501
2016-01-22,1.74,88.382865924814
2016-01-25,1.77,87.208662544347
2016-01-26,1.76,88.748601403976
2016-01-27,1.77,86.265449992825
2016-01-28,1.81,84.244280239562
2016-01-29,1.94,79.884328343238
2016-02-01,1.93,80.89491321987
2016-02-02,1.8,79.600402115994
2016-02-03,1.9,83.147073802077
2016-02-04,1.9,83.426187720384
2016-02-05,1.84,81.943996567992
2016-02-08,1.67,82.059491982464
2016-02-09,1.685,83.974790939127
2016-02-10,1.64,84.504144922124
2016-02-11,1.68,84.080661735727
2016-02-12,1.66,86.082582253244
2016-02-16,1.71,87.728391909472
2016-02-17,1.92,86.005585310262
2016-02-18,1.74,85.649474448973
2016-02-19,1.82,84.157658678708
2016-02-22,1.81,85.755345245573
2016-02-23,1.74,85.033498905122
2016-02-24,1.8,86.005585310262
2016-02-25,1.78,86.775554740077
2016-02-26,1.85,84.792883458305
2016-02-29,1.78,83.974790939127
2016-03-01,1.87,86.323197700061
2016-03-02,2.1,85.466606709392
2016-03-03,2.03,84.533018775742
2016-03-04,2.06,83.936292467636
2016-03-07,2.19,86.28469922857
2016-03-08,2.01,85.331862059175
2016-03-09,1.87,84.533018775742
2016-03-10,1.78,85.31261282343
2016-03-11,1.83,86.28469922857
2016-03-14,2.02,87.478151844782
2016-03-15,1.86,86.491774275894
2016-03-16,1.81,87.304085214978
2016-03-17,1.85,86.578807590796
2016-03-18,2.1,87.294414846656
2016-03-21,2.18,89.615303244041
2016-03-22,2.14,90.630691917897
2016-03-23,1.95,87.11067784853
2016-03-24,1.99,88.309803520512
2016-03-28,1.96,89.41222550927
2016-03-29,1.96,89.160795932887
2016-03-30,1.93,88.938377461471
2016-03-31,1.98,88.832003409924
2016-04-01,1.97,91.017506650795
2016-04-04,2.06,91.133551070664
2016-04-05,1.98,92.419710057549
2016-04-06,2.0,94.228068933845
2016-04-07,1.94,92.419710057549
2016-04-08,1.91,92.922569210315
2016-04-11,1.87,92.671139633932
2016-04-12,1.91,94.034661567396
2016-04-13,1.99,93.986309725784
2016-04-14,1.89,94.953346558028
2016-04-15,1.9,95.050050241252
2016-04-18,1.9,95.930053758594
2016-04-19,1.84,96.162142598333
2016-04-20,1.84,96.810057275936
2016-04-21,1.82,98.386327312493
2016-04-22,1.79,98.57006431062
2016-04-25,1.78,98.918197570228
2016-04-26,1.79,97.989842211273
2016-04-27,1.77,97.399949743605
2016-04-28,1.71,93.802572727657
2016-04-29,1.66,85.302318972234
2016-05-02,1.68,86.066278069706
2016-05-03,1.66,84.2966006667
2016-05-04,1.49,82.778352840077
2016-05-05,1.34,83.02978241646
2016-05-06,1.37,81.888678954413
2016-05-09,1.39,82.846045418334
2016-05-10,1.42,83.339234202779
2016-05-11,1.45,81.134390225262
2016-05-12,1.32,80.031968236504
2016-05-13,1.38,79.97394602657
2016-05-16,1.47,80.853949543912
2016-05-17,1.42,80.031968236504
2016-05-18,1.46,80.148012656374
2016-05-19,1.42,79.432405400513
2016-05-20,1.48,79.915923816635
2016-05-23,1.53,80.583179230883
2016-05-24,1.6,83.377915676068
2016-05-25,1.56,83.658356357419
2016-05-26,1.49,82.478571422081
2016-05-27,1.49,82.991100943171
2016-05-31,1.58,84.190226615153
2016-06-01,1.59,83.726048935676
2016-06-02,1.65,83.86143409219
2016-06-03,1.57,83.310223097811
2016-06-06,1.62,84.712426504565
2016-06-07,1.58,84.61572282134
2016-06-08,1.61,84.538359874761
2016-06-09,1.57,82.942749101559
2016-06-10,1.5,81.666260482997
2016-06-13,1.44,81.211753171842
2016-06-14,1.43,81.269775381777
2016-06-15,1.44,80.754363380432
2016-06-16,1.56,81.211426853323
2016-06-17,1.54,80.375097945481
2016-06-20,1.6,80.705739606721
2016-06-21,1.53,79.538769037639
2016-06-22,1.48,80.180602850634
2016-06-23,1.53,81.07528028693
2016-06-24,1.48,78.25510141165
2016-06-27,1.36,76.096205858849
2016-06-28,1.46,80.044456284241
2016-06-29,1.47,80.005557265272
2016-06-30,1.53,81.123904060641
2016-07-01,1.63,82.524268743539
2016-07-05,1.61,81.580967533532
2016-07-06,1.62,83.370322406123
2016-07-07,1.64,83.117478782822
2016-07-08,1.68,84.167752294995
2016-07-11,1.68,83.876009652725
2016-07-12,1.7,84.245550332934
2016-07-13,1.62,83.389771915608
2016-07-14,1.6,83.185552066019
2016-07-15,1.59,84.284449351904
2016-07-18,1.63,84.537292975204
2016-07-19,1.58,83.088304518595
2016-07-20,1.61,84.274724597161
2016-07-21,1.6,84.838760372217
2016-07-22,1.67,84.167752294995
2016-07-25,1.64,86.112703243464
2016-07-26,1.68,78.819137186706
2016-07-27,1.71,79.538769037639
2016-07-28,1.69,79.00390752681
2016-07-29,1.72,77.282625937415
2016-08-01,1.67,78.245376656907
2016-08-02,1.75,77.379873484839
2016-08-03,1.77,77.885560731441
2016-08-04,1.85,77.574368579686
2016-08-05,1.89,78.196752883196
2016-08-08,1.96,77.545194315458
2016-08-09,2.0,77.146479371022
2016-08-10,1.93,76.728314917102
2016-08-11,1.94,77.379873484839
2016-08-12,1.99,77.46739627752
2016-08-15,2.0,77.457671522777
2016-08-16,1.95,77.068681333084
2016-08-17,1.93,78.478770770724
2016-08-18,1.95,78.371798468558
2016-08-19,1.98,78.770513412994
2016-08-22,1.93,78.692715375055
2016-08-23,1.95,79.227576885884
2016-08-24,1.94,78.284275675877
2016-08-25,1.89,77.875835976698
2016-08-26,1.91,77.574368579686
2016-08-29,1.95,76.01840782091
2016-08-30,1.94,75.775288952352
2016-08-31,1.91,76.2226276705
2016-09-01,1.92,75.289051215234
2016-09-02,1.92,74.77363921389
2016-09-06,1.97,75.736389933382
2016-09-07,2.0,76.067031594622
2016-09-08,2.02,76.815837709783
2016-09-09,1.92,75.901710764002
2016-09-12,1.96,76.67969114339
2016-09-13,1.94,75.911435518745
2016-09-14,1.97,75.940609782972
2016-09-15,2.0,77.13421380172
2016-09-16,2.16,77.095079243728
2016-09-19,2.35,77.280968394189
2016-09-20,2.84,80.010603814113
2016-09-21,2.7,79.932334698129
2016-09-22,2.79,79.756229187166
2016-09-23,2.76,79.609474594697
2016-09-26,2.66,78.875701632352
2016-09-27,2.48,77.535343021135
2016-09-28,2.5,77.261401115193
2016-09-29,2.31,76.175417130922
2016-09-30,2.56,77.408155707662
2016-10-03,2.56,76.341739002387
2016-10-04,2.55,75.56883148205
2016-10-05,2.61,75.891691585482
2016-10-06,2.18,74.561116613763
2016-10-07,2.0,73.612103582463
2016-10-10,1.95,73.856694569911
2016-10-11,1.81,72.222826773756
2016-10-12,1.92,71.449919253419
2016-10-13,1.85,71.479270171913
2016-10-14,1.78,71.175977347477
2016-10-17,1.74,71.068357313
2016-10-18,1.75,71.821697554341
2016-10-19,1.7,71.753212077855
2016-10-20,1.9,72.702225109155
2016-10-21,1.87,72.682657830159
2016-10-24,1.95,72.545686877188
2016-10-25,1.93,72.800061504134
2016-10-26,1.82,73.749074535434
2016-10-27,1.71,74.189338312841
2016-10-28,1.65,72.281528610744
2016-10-31,1.55,72.036937623295
2016-11-01,1.58,72.467417761205
2016-11-02,1.57,70.941169999527
2016-11-03,1.46,70.207397037182
2016-11-04,1.53,70.862900883543
2016-11-07,1.54,72.398932284719
2016-11-08,1.51,72.438066842711
2016-11-09,1.72,76.772219140296
2016-11-10,1.835,76.155849851926
2016-11-11,1.88,74.766573043219
2016-11-14,1.79,75.089433146651
2016-11-15,1.86,74.698087566734
2016-11-16,1.79,74.355660184306
2016-11-17,1.77,73.944747325393
2016-11-18,1.77,73.005517933591
2016-11-21,1.76,73.357728955517
2016-11-22,1.76,72.848979701624
2016-11-23,1.81,73.670805419451
2016-11-25,1.83,73.807776372422
2016-11-28,1.8,72.927248817608
2016-11-29,1.79,73.250108921039
2016-11-30,1.69,72.105423099781
2016-12-01,1.61,71.264030102959
2016-12-02,1.58,70.853117244045
2016-12-05,1.68,70.794415407058
2016-12-06,1.71,70.902035441535
2016-12-07,1.63,71.205328265971
2016-12-08,1.68,70.461771664128
2016-12-09,1.69,71.127059149988
2016-12-12,1.6,71.880399391329
2016-12-13,1.6,73.680589058949
2016-12-14,1.63,74.537111139137
2016-12-15,1.59,74.379589837033
2016-12-16,1.61,72.95205303672
2016-12-19,1.6,73.247405478164
2016-12-20,1.62,72.902827629812
2016-12-21,1.59,72.814221897379
2016-12-22,1.56,72.164446526202
2016-12-23,1.61,72.499179293172
2016-12-27,1.59,72.587785025605
2016-12-28,1.55,71.642657212984
2016-12-29,1.52,71.012572004569
2016-12-30,1.5,70.500627772733
2017-01-03,1.5,73.011123525008
2017-01-04,1.59,75.196731591696
2017-01-05,1.53,74.832463580581
2017-01-06,1.57,74.320519348744
2017-01-09,1.62,74.665097197096
2017-01-10,1.62,73.847955442434
2017-01-11,1.6,72.627165351131
2017-01-12,1.57,72.22351701449
2017-01-13,1.58,71.938009654428
2017-01-17,1.51,70.795980214177
2017-01-18,1.48,71.012572004569
2017-01-19,1.43,70.461247447207
2017-01-20,1.41,69.909922889844
2017-01-23,1.41,69.594880285637
2017-01-24,1.46,69.161696704852
2017-01-25,1.47,70.795980214177
2017-01-26,1.41,70.116669598855
2017-01-27,1.38,70.156049924381
2017-01-30,1.35,70.402176958918
2017-01-31,1.4,71.327614608776
2017-02-01,1.48,71.691882619891
2017-02-02,1.47,71.130712981147
2017-02-03,1.51,71.21931871358
2017-02-06,1.55,71.268544120488
2017-02-07,1.56,71.997080142717
2017-02-08,1.56,65.794678872388
2017-02-09,1.61,64.573888781085
2017-02-10,1.6,65.331960047459
2017-02-13,1.59,66.601975545669
2017-02-14,1.58,66.503524731854
2017-02-15,1.67,68.718668042686
2017-02-16,1.68,69.220767193141
2017-02-17,1.74,68.767893449593
2017-02-21,1.66,68.216568892231
2017-02-22,1.68,67.763695148683
2017-02-23,1.73,68.295329543283
2017-02-24,1.67,68.856499182026
2017-02-27,1.65,69.407823739389
2017-02-28,1.87,69.388133576626
2017-03-01,1.87,69.102626216563
2017-03-02,2.04,69.437358983533
2017-03-03,1.99,69.644105692544
2017-03-06,1.99,69.033710646893
2017-03-07,1.91,67.950751694931
2017-03-08,1.9,68.620217228871
2017-03-09,1.88,67.330511567898
2017-03-10,1.93,67.133609940269
2017-03-13,1.89,67.045004207835
2017-03-14,1.82,67.232060754083
2017-03-15,1.83,67.926504350481
2017-03-16,1.99,67.995948710121
2017-03-17,2.06,68.511821096016
2017-03-20,2.23,68.164599297817
2017-03-21,2.09,67.202298885666
2017-03-22,2.49,67.291584490917
2017-03-23,2.42,66.954283315524
2017-03-24,2.48,66.974124561136
2017-03-27,2.55,66.96420393833
2017-03-28,2.49,66.567379026103
2017-03-29,2.47,66.726108990994
2017-03-30,2.51,66.993965806747
2017-03-31,2.47,67.380870096169
2017-04-03,2.43,66.567379026103
2017-04-04,2.47,66.448331552435
2017-04-05,2.21,65.942379789345
2017-04-06,2.17,65.952300412151
2017-04-07,2.16,66.051506640208
2017-04-10,2.2,65.892776675317
2017-04-11,2.24,65.49595176309
2017-04-12,2.22,65.694364219203
2017-04-13,2.25,65.982062280568
2017-04-17,2.28,66.170554113876
2017-04-18,2.26,65.535634254312
2017-04-19,2.25,65.753887956037
2017-04-20,2.33,65.972141657762
2017-04-21,2.32,65.406666157839
2017-04-24,2.25,65.72412608762
2017-04-25,2.435,66.587220271714
2017-04-26,2.58,67.678488780339
2017-04-27,2.45,68.035631201343
2017-04-28,2.35,68.005869332926
2017-05-01,2.34,67.569361929476
2017-05-02,2.23,68.045551824149
2017-05-03,2.09,66.676505876965
2017-05-04,2.09,67.539600061059
2017-05-05,1.84,67.2618226225
2017-05-08,1.8,66.678986032667
2017-05-09,1.77,67.073330789192
2017-05-10,1.84,66.388807815601
2017-05-11,1.85,66.180474736681
2017-05-12,1.82,65.535634254312
2017-05-15,1.86,65.42650740345
2017-05-16,1.84,65.198333078919
2017-05-17,1.75,63.997937719432
2017-05-18,1.76,63.918572736987
2017-05-19,1.72,63.730080903679
2017-05-22,1.72,63.849128377347
2017-05-23,1.71,64.176508929934
2017-05-24,1.68,63.799525263319
2017-05-25,1.67,64.047540833461
2017-05-26,1.61,63.988017096626
2017-05-30,1.61,63.978096473821
2017-05-31,1.63,64.374921386048
2017-06-01,1.68,64.107064570295
2017-06-02,1.72,64.880873149138
2017-06-05,1.64,64.960238131583
2017-06-06,1.63,64.315397649214
2017-06-07,1.63,63.809445886124
2017-06-08,1.64,63.611033430011
2017-06-09,1.6,64.18642955274
2017-06-12,1.61,64.92055564036
2017-06-13,1.61,64.632857578996
2017-06-14,1.59,64.99
2017-06-15,1.55,64.81
2017-06-16,1.59,64.12
2017-06-19,1.66,64.82
2017-06-20,1.66,65.59
2017-06-21,1.71,67.5
2017-06-22,1.73,70.48
2017-06-23,1.93,70.54
2017-06-26,1.9,71.24
2017-06-27,1.76,70.66
2017-06-28,1.82,71.92
2017-06-29,1.76,70.86
2017-06-30,1.72,70.78
